strategy_id,bar_key,live_mid,ref_h15_same_bar,ref_h15_plus15m,live_eq_ref_plus15m
gold_01,2026-09-02T17:20:00,78017.16092836256,78023.30814416661,78017.16092836256,True
gold_01,2026-09-03T18:00:00,77997.93161652907,77993.8113321405,77997.93161652907,True
gold_01,2026-09-04T13:45:00,77977.69422900969,77973.92432736394,77977.69422900969,True
gold_01,2026-09-04T21:45:00,78016.34054864621,78019.87530966912,78016.34054864621,True
silver_02,2026-09-02T17:30:00,239311.49411530604,239339.26316268952,239311.49411530604,True
silver_02,2026-09-03T19:15:00,238555.61272310463,238477.56586813735,238555.61272310463,True
silver_02,2026-09-03T22:35:00,238850.45574678836,238928.7875140329,238850.45574678836,True
silver_02,2026-09-04T13:35:00,238884.71071735368,238980.77229975408,238884.71071735368,True
silver_02,2026-09-04T18:35:00,238653.67465351263,238612.42570087567,238653.67465351263,True
