instrument,strategy,fast_tf,bar_start_ist,crossing_side,result,engine,reference
GOLDM,gold_01,5m,2026-08-24 10:30:00,LONG,MATCH,pC=161915.0|pH=161935.0|h=161935.0|pM=161847.0|m=161847.0|f=162042.75590274858,pC=161915.0|pH=161935.0|h=161935.0|pM=161847.0|m=161847.0|f=162042.75590274858
GOLDM,gold_01,5m,2026-08-24 11:15:00,LONG,MATCH,pC=161886.0|pH=161935.0|h=161935.0|pM=161847.0|m=161847.0|f=162042.75590274858,pC=161886.0|pH=161935.0|h=161935.0|pM=161847.0|m=161847.0|f=162042.75590274858
GOLDM,gold_01,5m,2026-08-24 13:45:00,SHORT,MATCH,pC=162012.0|pH=161935.0|h=161935.0|pM=162082.4197921992|m=162082.4197921992|f=162136.29325042965,pC=162012.0|pH=161935.0|h=161935.0|pM=162082.4197921992|m=162082.4197921992|f=162136.29325042965
GOLDM,gold_01,5m,2026-08-24 21:15:00,SHORT,MATCH,pC=162928.0|pH=162663.50228925093|h=162663.50228925093|pM=162970.0395116458|m=162970.0395116458|f=162738.14659617475,pC=162928.0|pH=162663.50228925093|h=162663.50228925093|pM=162970.0395116458|m=162970.0395116458|f=162738.14659617475
GOLDM,gold_01,5m,2026-08-24 21:35:00,SHORT,MATCH,pC=162721.0|pH=162663.50228925093|h=162663.50228925093|pM=162914.4932633848|m=162914.4932633848|f=162634.63120062806,pC=162721.0|pH=162663.50228925093|h=162663.50228925093|pM=162914.4932633848|m=162914.4932633848|f=162634.63120062806
GOLDM,gold_01,5m,2026-08-24 22:15:00,SHORT,MATCH,pC=162735.0|pH=162663.50228925093|h=162663.50228925093|pM=162914.4932633848|m=162914.4932633848|f=162634.63120062806,pC=162735.0|pH=162663.50228925093|h=162663.50228925093|pM=162914.4932633848|m=162914.4932633848|f=162634.63120062806
GOLDM,gold_01,5m,2026-08-25 11:50:00,LONG,MATCH,pC=162215.0|pH=162394.12799929726|h=162394.12799929726|pM=161934.75579641448|m=161934.75579641448|f=162198.44933613596,pC=162215.0|pH=162394.12799929726|h=162394.12799929726|pM=161934.75579641448|m=161934.75579641448|f=162198.44933613596
GOLDM,gold_01,5m,2026-08-25 21:00:00,LONG,MATCH,pC=161650.0|pH=161684.22209637234|h=161684.22209637234|pM=161201.97823303455|m=161201.97823303455|f=161681.6866385713,pC=161650.0|pH=161684.22209637234|h=161684.22209637234|pM=161201.97823303455|m=161201.97823303455|f=161681.6866385713
GOLDM,gold_01,5m,2026-08-25 22:00:00,SHORT,MATCH,pC=161783.0|pH=161684.22209637234|h=161684.22209637234|pM=161719.55538965508|m=161719.55538965508|f=161846.4943227162,pC=161783.0|pH=161684.22209637234|h=161684.22209637234|pM=161719.55538965508|m=161719.55538965508|f=161846.4943227162
GOLDM,gold_01,5m,2026-08-25 22:35:00,SHORT,MATCH,pC=161690.0|pH=161684.22209637234|h=161684.22209637234|pM=161719.55538965508|m=161719.55538965508|f=161721.158593585,pC=161690.0|pH=161684.22209637234|h=161684.22209637234|pM=161719.55538965508|m=161719.55538965508|f=161721.158593585
GOLDM,gold_01,5m,2026-08-26 11:45:00,SHORT,MATCH,pC=161750.0|pH=161684.22209637234|h=161684.22209637234|pM=161726.51382118944|m=161726.51382118944|f=161695.220732991,pC=161750.0|pH=161684.22209637234|h=161684.22209637234|pM=161726.51382118944|m=161726.51382118944|f=161695.220732991
GOLDM,gold_01,5m,2026-08-26 17:45:00,LONG,MATCH,pC=161310.0|pH=161384.68318243927|h=161384.68318243927|pM=161103.64474380476|m=161103.64474380476|f=161249.41427168573,pC=161310.0|pH=161384.68318243927|h=161384.68318243927|pM=161103.64474380476|m=161103.64474380476|f=161249.41427168573
GOLDM,gold_01,5m,2026-08-26 17:55:00,LONG,MATCH,pC=161360.0|pH=161384.68318243927|h=161384.68318243927|pM=161103.64474380476|m=161199.4840269661|f=161282.37829428577,pC=161360.0|pH=161384.68318243927|h=161384.68318243927|pM=161103.64474380476|m=161199.4840269661|f=161282.37829428577
GOLDM,gold_01,5m,2026-08-27 09:00:00,LONG,MATCH,pC=158070.0|pH=160006.9044205929|h=159082.9924359771|pM=158745.08767842234|m=158745.08767842234|f=158388.6921312518,pC=158070.0|pH=160006.9044205929|h=159082.9924359771|pM=158745.08767842234|m=158745.08767842234|f=158388.6921312518
GOLDM,gold_01,5m,2026-08-27 09:30:00,LONG,MATCH,pC=158888.0|pH=159082.9924359771|h=159082.9924359771|pM=158745.08767842234|m=158745.08767842234|f=158945.03586117717,pC=158888.0|pH=159082.9924359771|h=159082.9924359771|pM=158745.08767842234|m=158745.08767842234|f=158945.03586117717
GOLDM,gold_01,5m,2026-08-27 10:25:00,LONG,MATCH,pC=157817.0|pH=158468.9559012342|h=158468.9559012342|pM=157934.08099412167|m=157934.08099412167|f=157674.78559819757,pC=157817.0|pH=158468.9559012342|h=158468.9559012342|pM=157934.08099412167|m=157934.08099412167|f=157674.78559819757
GOLDM,gold_01,5m,2026-08-27 21:10:00,LONG,MATCH,pC=157978.0|pH=158194.90474363664|h=158194.90474363664|pM=157501.46208766557|m=157642.78667324147|f=157947.6016867848,pC=157978.0|pH=158194.90474363664|h=158194.90474363664|pM=157501.46208766557|m=157642.78667324147|f=157947.6016867848
GOLDM,gold_01,5m,2026-08-27 22:45:00,SHORT,MATCH,pC=158266.0|pH=158194.90474363664|h=158194.90474363664|pM=158254.2775775401|m=158254.2775775401|f=158382.19678792424,pC=158266.0|pH=158194.90474363664|h=158194.90474363664|pM=158254.2775775401|m=158254.2775775401|f=158382.19678792424
GOLDM,gold_01,5m,2026-08-27 22:55:00,SHORT,MATCH,pC=158245.0|pH=158194.90474363664|h=158194.90474363664|pM=158254.2775775401|m=158254.2775775401|f=158382.19678792424,pC=158245.0|pH=158194.90474363664|h=158194.90474363664|pM=158254.2775775401|m=158254.2775775401|f=158382.19678792424
GOLDM,gold_01,5m,2026-08-27 23:15:00,SHORT,MATCH,pC=158332.0|pH=158194.90474363664|h=158194.90474363664|pM=158254.2775775401|m=158254.2775775401|f=158302.61758228345,pC=158332.0|pH=158194.90474363664|h=158194.90474363664|pM=158254.2775775401|m=158254.2775775401|f=158302.61758228345
GOLDM,gold_01,5m,2026-08-28 12:25:00,LONG,MATCH,pC=158118.0|pH=158194.90474363664|h=158194.90474363664|pM=157606.22423901234|m=157816.45569072352|f=158073.2966691582,pC=158118.0|pH=158194.90474363664|h=158194.90474363664|pM=157606.22423901234|m=157816.45569072352|f=158073.2966691582
GOLDM,gold_01,5m,2026-08-28 19:40:00,SHORT,MATCH,pC=158702.0|pH=158511.63203136946|h=158511.63203136946|pM=158983.15695527085|m=158983.15695527085|f=158847.19734284957,pC=158702.0|pH=158511.63203136946|h=158511.63203136946|pM=158983.15695527085|m=158983.15695527085|f=158847.19734284957
GOLDM,gold_02,15m,2026-08-24 10:30:00,LONG,MATCH,pC=161915.0|pH=161935.0|h=161935.0|pM=161847.0|m=161847.0|f=161847.0,pC=161915.0|pH=161935.0|h=161935.0|pM=161847.0|m=161847.0|f=161847.0
GOLDM,gold_02,15m,2026-08-24 11:15:00,LONG,MATCH,pC=161886.0|pH=161935.0|h=161935.0|pM=161847.0|m=161847.0|f=161847.0,pC=161886.0|pH=161935.0|h=161935.0|pM=161847.0|m=161847.0|f=161847.0
GOLDM,gold_02,15m,2026-08-24 13:45:00,SHORT,MATCH,pC=162012.0|pH=161935.0|h=161935.0|pM=162082.4197921992|m=162082.4197921992|f=162082.4197921992,pC=162012.0|pH=161935.0|h=161935.0|pM=162082.4197921992|m=162082.4197921992|f=162082.4197921992
GOLDM,gold_02,15m,2026-08-24 21:15:00,SHORT,MATCH,pC=162928.0|pH=162663.50228925093|h=162663.50228925093|pM=162970.0395116458|m=162914.4932633848|f=162914.4932633848,pC=162928.0|pH=162663.50228925093|h=162663.50228925093|pM=162970.0395116458|m=162914.4932633848|f=162914.4932633848
GOLDM,gold_02,15m,2026-08-24 22:15:00,SHORT,MATCH,pC=162735.0|pH=162663.50228925093|h=162663.50228925093|pM=162914.4932633848|m=162828.48420758682|f=162828.48420758682,pC=162735.0|pH=162663.50228925093|h=162663.50228925093|pM=162914.4932633848|m=162828.48420758682|f=162828.48420758682
GOLDM,gold_02,15m,2026-08-25 11:45:00,LONG,MATCH,pC=162350.0|pH=162394.12799929726|h=162394.12799929726|pM=161934.75579641448|m=162063.74144257078|f=162063.74144257078,pC=162350.0|pH=162394.12799929726|h=162394.12799929726|pM=161934.75579641448|m=162063.74144257078|f=162063.74144257078
GOLDM,gold_02,15m,2026-08-25 21:00:00,LONG,MATCH,pC=161650.0|pH=161684.22209637234|h=161684.22209637234|pM=161201.97823303455|m=161623.9034386776|f=161623.9034386776,pC=161650.0|pH=161684.22209637234|h=161684.22209637234|pM=161201.97823303455|m=161623.9034386776|f=161623.9034386776
GOLDM,gold_02,15m,2026-08-25 22:30:00,SHORT,MATCH,pC=161840.0|pH=161684.22209637234|h=161684.22209637234|pM=161719.55538965508|m=161719.55538965508|f=161719.55538965508,pC=161840.0|pH=161684.22209637234|h=161684.22209637234|pM=161719.55538965508|m=161719.55538965508|f=161719.55538965508
GOLDM,gold_02,15m,2026-08-26 17:45:00,LONG,MATCH,pC=161310.0|pH=161384.68318243927|h=161384.68318243927|pM=161103.64474380476|m=161199.4840269661|f=161199.4840269661,pC=161310.0|pH=161384.68318243927|h=161384.68318243927|pM=161103.64474380476|m=161199.4840269661|f=161199.4840269661
GOLDM,gold_02,15m,2026-08-27 09:00:00,LONG,MATCH,pC=158070.0|pH=160006.9044205929|h=159082.9924359771|pM=158745.08767842234|m=158745.08767842234|f=158745.08767842234,pC=158070.0|pH=160006.9044205929|h=159082.9924359771|pM=158745.08767842234|m=158745.08767842234|f=158745.08767842234
GOLDM,gold_02,15m,2026-08-27 10:15:00,LONG,MATCH,pC=156829.0|pH=158468.9559012342|h=158468.9559012342|pM=157934.08099412167|m=157934.08099412167|f=157934.08099412167,pC=156829.0|pH=158468.9559012342|h=158468.9559012342|pM=157934.08099412167|m=157934.08099412167|f=157934.08099412167
GOLDM,gold_02,15m,2026-08-27 21:00:00,LONG,MATCH,pC=157462.0|pH=158194.90474363664|h=158194.90474363664|pM=157501.46208766557|m=157642.78667324147|f=157642.78667324147,pC=157462.0|pH=158194.90474363664|h=158194.90474363664|pM=157501.46208766557|m=157642.78667324147|f=157642.78667324147
GOLDM,gold_02,15m,2026-08-27 22:45:00,SHORT,MATCH,pC=158266.0|pH=158194.90474363664|h=158194.90474363664|pM=158254.2775775401|m=158254.2775775401|f=158254.2775775401,pC=158266.0|pH=158194.90474363664|h=158194.90474363664|pM=158254.2775775401|m=158254.2775775401|f=158254.2775775401
GOLDM,gold_02,15m,2026-08-27 23:15:00,SHORT,MATCH,pC=158332.0|pH=158194.90474363664|h=158194.90474363664|pM=158254.2775775401|m=158254.2775775401|f=158254.2775775401,pC=158332.0|pH=158194.90474363664|h=158194.90474363664|pM=158254.2775775401|m=158254.2775775401|f=158254.2775775401
GOLDM,gold_02,15m,2026-08-28 12:15:00,LONG,MATCH,pC=157704.0|pH=158194.90474363664|h=158194.90474363664|pM=157606.22423901234|m=157816.45569072352|f=157816.45569072352,pC=157704.0|pH=158194.90474363664|h=158194.90474363664|pM=157606.22423901234|m=157816.45569072352|f=157816.45569072352
GOLDM,gold_02,15m,2026-08-28 19:30:00,SHORT,MATCH,pC=159281.0|pH=158511.63203136946|h=158511.63203136946|pM=158983.15695527085|m=158983.15695527085|f=158983.15695527085,pC=159281.0|pH=158511.63203136946|h=158511.63203136946|pM=158983.15695527085|m=158983.15695527085|f=158983.15695527085
SILVERM,silver_01,15m,2026-08-24 10:45:00,SHORT,MATCH,pC=254730.0|pH=254565.0|h=254565.0|pM=254920.0|m=254920.0|f=254920.0,pC=254730.0|pH=254565.0|h=254565.0|pM=254920.0|m=254920.0|f=254920.0
SILVERM,silver_01,15m,2026-08-24 13:30:00,SHORT,MATCH,pC=254900.0|pH=254565.0|h=254565.0|pM=254939.1684996563|m=254939.1684996563|f=254939.1684996563,pC=254900.0|pH=254565.0|h=254565.0|pM=254939.1684996563|m=254939.1684996563|f=254939.1684996563
SILVERM,silver_01,15m,2026-08-24 14:15:00,SHORT,MATCH,pC=254767.0|pH=254565.0|h=254565.0|pM=254892.8314976994|m=254892.8314976994|f=254892.8314976994,pC=254767.0|pH=254565.0|h=254565.0|pM=254892.8314976994|m=254892.8314976994|f=254892.8314976994
SILVERM,silver_01,15m,2026-08-24 19:00:00,SHORT,MATCH,pC=257048.0|pH=255470.5287864905|h=255470.5287864905|pM=256461.70930959404|m=256461.70930959404|f=256461.70930959404,pC=257048.0|pH=255470.5287864905|h=255470.5287864905|pM=256461.70930959404|m=256461.70930959404|f=256461.70930959404
SILVERM,silver_01,15m,2026-08-24 21:00:00,SHORT,MATCH,pC=255900.0|pH=255470.5287864905|h=255470.5287864905|pM=256393.35614411364|m=256176.8010353149|f=256176.8010353149,pC=255900.0|pH=255470.5287864905|h=255470.5287864905|pM=256393.35614411364|m=256176.8010353149|f=256176.8010353149
SILVERM,silver_01,15m,2026-08-25 11:45:00,LONG,MATCH,pC=252381.0|pH=252836.68218935851|h=252836.68218935851|pM=251394.23859094942|m=251945.81611334355|f=251945.81611334355,pC=252381.0|pH=252836.68218935851|h=252836.68218935851|pM=251394.23859094942|m=251945.81611334355|f=251945.81611334355
SILVERM,silver_01,15m,2026-08-25 20:45:00,LONG,MATCH,pC=251300.0|pH=251759.07295129416|h=251759.07295129416|pM=250675.53972415384|m=251155.04125111134|f=251155.04125111134,pC=251300.0|pH=251759.07295129416|h=251759.07295129416|pM=250675.53972415384|m=251155.04125111134|f=251155.04125111134
SILVERM,silver_01,15m,2026-08-26 11:45:00,SHORT,MATCH,pC=254147.0|pH=253355.91943123195|h=253355.91943123195|pM=254025.0976321976|m=253998.07300154818|f=253998.07300154818,pC=254147.0|pH=253355.91943123195|h=253355.91943123195|pM=254025.0976321976|m=253998.07300154818|f=253998.07300154818
SILVERM,silver_01,15m,2026-08-26 13:15:00,SHORT,MATCH,pC=253500.0|pH=253355.91943123195|h=253355.91943123195|pM=253998.07300154818|m=253922.81473825406|f=253922.81473825406,pC=253500.0|pH=253355.91943123195|h=253355.91943123195|pM=253998.07300154818|m=253922.81473825406|f=253922.81473825406
SILVERM,silver_01,15m,2026-08-26 17:45:00,LONG,MATCH,pC=252893.0|pH=253108.34662070376|h=253108.34662070376|pM=252419.47944240336|m=252761.3924204173|f=252761.3924204173,pC=252893.0|pH=253108.34662070376|h=253108.34662070376|pM=252419.47944240336|m=252761.3924204173|f=252761.3924204173
SILVERM,silver_01,15m,2026-08-27 09:00:00,LONG,MATCH,pC=247860.0|pH=251064.53123423722|h=249707.17138720455|pM=248805.23562320595|m=248805.23562320595|f=248805.23562320595,pC=247860.0|pH=251064.53123423722|h=249707.17138720455|pM=248805.23562320595|m=248805.23562320595|f=248805.23562320595
SILVERM,silver_01,15m,2026-08-27 10:15:00,LONG,MATCH,pC=247492.0|pH=249030.26185472758|h=249030.26185472758|pM=248805.23562320595|m=248805.23562320595|f=248805.23562320595,pC=247492.0|pH=249030.26185472758|h=249030.26185472758|pM=248805.23562320595|m=248805.23562320595|f=248805.23562320595
SILVERM,silver_01,15m,2026-08-27 13:30:00,LONG,MATCH,pC=248900.0|pH=249030.26185472758|h=249030.26185472758|pM=248805.23562320595|m=248805.23562320595|f=248805.23562320595,pC=248900.0|pH=249030.26185472758|h=249030.26185472758|pM=248805.23562320595|m=248805.23562320595|f=248805.23562320595
SILVERM,silver_01,15m,2026-08-27 21:00:00,LONG,MATCH,pC=248502.0|pH=249030.26185472758|h=249030.26185472758|pM=248037.39727080447|m=248281.13141466383|f=248281.13141466383,pC=248502.0|pH=249030.26185472758|h=249030.26185472758|pM=248037.39727080447|m=248281.13141466383|f=248281.13141466383
SILVERM,silver_01,15m,2026-08-28 09:00:00,SHORT,MATCH,pC=249246.0|pH=249030.26185472758|h=249030.26185472758|pM=249253.8153840633|m=249135.95436109207|f=249135.95436109207,pC=249246.0|pH=249030.26185472758|h=249030.26185472758|pM=249253.8153840633|m=249135.95436109207|f=249135.95436109207
SILVERM,silver_01,15m,2026-08-28 11:45:00,LONG,MATCH,pC=248476.0|pH=249030.26185472758|h=249030.26185472758|pM=248677.58275168174|m=248677.58275168174|f=248677.58275168174,pC=248476.0|pH=249030.26185472758|h=249030.26185472758|pM=248677.58275168174|m=248677.58275168174|f=248677.58275168174
SILVERM,silver_01,15m,2026-08-28 19:30:00,SHORT,MATCH,pC=253400.0|pH=252163.59458891494|h=252163.59458891494|pM=252858.32671683223|m=252306.07851862072|f=252306.07851862072,pC=253400.0|pH=252163.59458891494|h=252163.59458891494|pM=252858.32671683223|m=252306.07851862072|f=252306.07851862072
SILVERM,silver_02,5m,2026-08-24 10:00:00,SHORT,MATCH,pC=254565.0|pH=254565.0|h=254565.0|pM=254920.0|m=254920.0|f=254503.1083622685,pC=254565.0|pH=254565.0|h=254565.0|pM=254920.0|m=254920.0|f=254503.1083622685
SILVERM,silver_02,5m,2026-08-24 10:55:00,SHORT,MATCH,pC=254650.0|pH=254565.0|h=254565.0|pM=254920.0|m=254920.0|f=254575.71350002,pC=254650.0|pH=254565.0|h=254565.0|pM=254920.0|m=254920.0|f=254575.71350002
SILVERM,silver_02,5m,2026-08-24 13:40:00,SHORT,MATCH,pC=254800.0|pH=254565.0|h=254565.0|pM=254939.1684996563|m=254939.1684996563|f=254850.34168061303,pC=254800.0|pH=254565.0|h=254565.0|pM=254939.1684996563|m=254939.1684996563|f=254850.34168061303
SILVERM,silver_02,5m,2026-08-24 14:25:00,SHORT,MATCH,pC=254802.0|pH=254565.0|h=254565.0|pM=254892.8314976994|m=254892.8314976994|f=254605.86336746518,pC=254802.0|pH=254565.0|h=254565.0|pM=254892.8314976994|m=254892.8314976994|f=254605.86336746518
SILVERM,silver_02,5m,2026-08-24 14:40:00,SHORT,MATCH,pC=254875.0|pH=254565.0|h=254565.0|pM=254892.8314976994|m=254892.8314976994|f=254605.86336746518,pC=254875.0|pH=254565.0|h=254565.0|pM=254892.8314976994|m=254892.8314976994|f=254605.86336746518
SILVERM,silver_02,5m,2026-08-24 19:10:00,SHORT,MATCH,pC=256662.0|pH=255470.5287864905|h=255470.5287864905|pM=256461.70930959404|m=256461.70930959404|f=256331.58717239197,pC=256662.0|pH=255470.5287864905|h=255470.5287864905|pM=256461.70930959404|m=256461.70930959404|f=256331.58717239197
SILVERM,silver_02,5m,2026-08-24 19:45:00,SHORT,MATCH,pC=255864.0|pH=255470.5287864905|h=255470.5287864905|pM=256461.70930959404|m=256461.70930959404|f=256082.34142347495,pC=255864.0|pH=255470.5287864905|h=255470.5287864905|pM=256461.70930959404|m=256461.70930959404|f=256082.34142347495
SILVERM,silver_02,5m,2026-08-24 20:15:00,SHORT,MATCH,pC=255590.0|pH=255470.5287864905|h=255470.5287864905|pM=256461.70930959404|m=256461.70930959404|f=255973.6748541194,pC=255590.0|pH=255470.5287864905|h=255470.5287864905|pM=256461.70930959404|m=256461.70930959404|f=255973.6748541194
SILVERM,silver_02,5m,2026-08-24 21:10:00,SHORT,MATCH,pC=255580.0|pH=255470.5287864905|h=255470.5287864905|pM=256393.35614411364|m=256176.8010353149|f=255723.26690418296,pC=255580.0|pH=255470.5287864905|h=255470.5287864905|pM=256393.35614411364|m=256176.8010353149|f=255723.26690418296
SILVERM,silver_02,5m,2026-08-25 11:55:00,LONG,MATCH,pC=252698.0|pH=252836.68218935851|h=252836.68218935851|pM=251394.23859094942|m=251945.81611334355|f=252466.54189092715,pC=252698.0|pH=252836.68218935851|h=252836.68218935851|pM=251394.23859094942|m=251945.81611334355|f=252466.54189092715
SILVERM,silver_02,5m,2026-08-25 20:45:00,LONG,MATCH,pC=251300.0|pH=251759.07295129416|h=251759.07295129416|pM=250675.53972415384|m=250675.53972415384|f=251252.34928437177,pC=251300.0|pH=251759.07295129416|h=251759.07295129416|pM=250675.53972415384|m=250675.53972415384|f=251252.34928437177
SILVERM,silver_02,5m,2026-08-26 11:55:00,SHORT,MATCH,pC=253548.0|pH=253355.91943123195|h=253355.91943123195|pM=254025.0976321976|m=253998.07300154818|f=253560.98495297963,pC=253548.0|pH=253355.91943123195|h=253355.91943123195|pM=254025.0976321976|m=253998.07300154818|f=253560.98495297963
SILVERM,silver_02,5m,2026-08-26 13:20:00,SHORT,MATCH,pC=253624.0|pH=253355.91943123195|h=253355.91943123195|pM=253998.07300154818|m=253998.07300154818|f=253560.98495297963,pC=253624.0|pH=253355.91943123195|h=253355.91943123195|pM=253998.07300154818|m=253998.07300154818|f=253560.98495297963
SILVERM,silver_02,5m,2026-08-26 17:55:00,LONG,MATCH,pC=253050.0|pH=253108.34662070376|h=253108.34662070376|pM=252419.47944240336|m=252761.3924204173|f=253095.60124787697,pC=253050.0|pH=253108.34662070376|h=253108.34662070376|pM=252419.47944240336|m=252761.3924204173|f=253095.60124787697
SILVERM,silver_02,5m,2026-08-27 09:00:00,LONG,MATCH,pC=247860.0|pH=251064.53123423722|h=249707.17138720455|pM=248805.23562320595|m=248805.23562320595|f=249093.15753988773,pC=247860.0|pH=251064.53123423722|h=249707.17138720455|pM=248805.23562320595|m=248805.23562320595|f=249093.15753988773
SILVERM,silver_02,5m,2026-08-27 10:20:00,LONG,MATCH,pC=247950.0|pH=249030.26185472758|h=249030.26185472758|pM=248805.23562320595|m=248805.23562320595|f=248015.444685907,pC=247950.0|pH=249030.26185472758|h=249030.26185472758|pM=248805.23562320595|m=248805.23562320595|f=248015.444685907
SILVERM,silver_02,5m,2026-08-27 13:30:00,LONG,MATCH,pC=248900.0|pH=249030.26185472758|h=249030.26185472758|pM=248805.23562320595|m=248805.23562320595|f=248846.38054518524,pC=248900.0|pH=249030.26185472758|h=249030.26185472758|pM=248805.23562320595|m=248805.23562320595|f=248846.38054518524
SILVERM,silver_02,5m,2026-08-27 13:40:00,LONG,MATCH,pC=249000.0|pH=249030.26185472758|h=249030.26185472758|pM=248805.23562320595|m=248805.23562320595|f=248846.38054518524,pC=249000.0|pH=249030.26185472758|h=249030.26185472758|pM=248805.23562320595|m=248805.23562320595|f=248846.38054518524
SILVERM,silver_02,5m,2026-08-27 14:20:00,LONG,MATCH,pC=248890.0|pH=249030.26185472758|h=249030.26185472758|pM=248805.23562320595|m=248805.23562320595|f=248789.9472655108,pC=248890.0|pH=249030.26185472758|h=249030.26185472758|pM=248805.23562320595|m=248805.23562320595|f=248789.9472655108
SILVERM,silver_02,5m,2026-08-27 21:10:00,LONG,MATCH,pC=248914.0|pH=249030.26185472758|h=249030.26185472758|pM=248037.39727080447|m=248281.13141466383|f=248715.40412633942,pC=248914.0|pH=249030.26185472758|h=249030.26185472758|pM=248037.39727080447|m=248281.13141466383|f=248715.40412633942
SILVERM,silver_02,5m,2026-08-28 09:00:00,SHORT,MATCH,pC=249246.0|pH=249030.26185472758|h=249030.26185472758|pM=249253.8153840633|m=249253.8153840633|f=249000.43563623592,pC=249246.0|pH=249030.26185472758|h=249030.26185472758|pM=249253.8153840633|m=249253.8153840633|f=249000.43563623592
SILVERM,silver_02,5m,2026-08-28 11:55:00,LONG,MATCH,pC=248906.0|pH=249030.26185472758|h=249030.26185472758|pM=248677.58275168174|m=248677.58275168174|f=248859.397088105,pC=248906.0|pH=249030.26185472758|h=249030.26185472758|pM=248677.58275168174|m=248677.58275168174|f=248859.397088105
SILVERM,silver_02,5m,2026-08-28 12:05:00,LONG,MATCH,pC=248968.0|pH=249030.26185472758|h=249030.26185472758|pM=248677.58275168174|m=248677.58275168174|f=248859.397088105,pC=248968.0|pH=249030.26185472758|h=249030.26185472758|pM=248677.58275168174|m=248677.58275168174|f=248859.397088105
SILVERM,silver_02,5m,2026-08-28 19:30:00,SHORT,MATCH,pC=253400.0|pH=252163.59458891494|h=252163.59458891494|pM=252858.32671683223|m=252858.32671683223|f=252987.52707968993,pC=253400.0|pH=252163.59458891494|h=252163.59458891494|pM=252858.32671683223|m=252858.32671683223|f=252987.52707968993
