instrument,timeframe,bucket_end_ist,DEMA_LIVE,DEMA_REFERENCE,DEMA_DIFF,ATR_LIVE,ATR_REFERENCE,pass
GOLDM,15m,2026-08-24 09:15:00,161847.0,161847.0,0.0,,,PASS
GOLDM,15m,2026-08-24 09:30:00,161847.0,161847.0,0.0,,,PASS
GOLDM,15m,2026-08-24 09:45:00,161847.0,161847.0,0.0,,,PASS
GOLDM,15m,2026-08-24 10:00:00,161847.0,161847.0,0.0,,,PASS
GOLDM,15m,2026-08-24 10:15:00,161847.0,161847.0,0.0,,,PASS
GOLDM,15m,2026-08-24 10:30:00,161847.0,161847.0,0.0,679.1667,679.1667,PASS
GOLDM,15m,2026-08-24 10:45:00,161847.0,161847.0,0.0,591.4722,591.4722,PASS
GOLDM,15m,2026-08-24 11:00:00,161847.0,161847.0,0.0,526.2269,526.2269,PASS
GOLDM,15m,2026-08-24 11:15:00,161847.0,161847.0,0.0,489.689,489.689,PASS
GOLDM,15m,2026-08-24 11:30:00,161847.0,161847.0,0.0,449.5742,449.5742,PASS
GOLDM,15m,2026-08-24 11:45:00,161878.2552,161878.2552,0.0,458.6452,458.6452,PASS
GOLDM,15m,2026-08-24 12:00:00,161878.2552,161878.2552,0.0,443.371,443.371,PASS
GOLDM,15m,2026-08-24 12:15:00,161887.2344,161887.2344,0.0,419.4758,419.4758,PASS
GOLDM,15m,2026-08-24 12:30:00,162057.309,162057.309,0.0,383.7298,383.7298,PASS
GOLDM,15m,2026-08-24 12:45:00,162082.4198,162082.4198,0.0,347.4415,347.4415,PASS
GOLDM,15m,2026-08-24 13:00:00,162082.4198,162082.4198,0.0,317.7013,317.7013,PASS
GOLDM,15m,2026-08-24 13:15:00,162082.4198,162082.4198,0.0,328.9177,328.9177,PASS
GOLDM,15m,2026-08-24 13:30:00,162082.4198,162082.4198,0.0,334.2648,334.2648,PASS
GOLDM,15m,2026-08-24 13:45:00,162082.4198,162082.4198,0.0,339.7206,339.7206,PASS
GOLDM,15m,2026-08-24 14:00:00,162082.4198,162082.4198,0.0,324.7672,324.7672,PASS
GOLDM,15m,2026-08-24 14:15:00,162082.4198,162082.4198,0.0,334.806,334.806,PASS
GOLDM,15m,2026-08-24 14:30:00,162082.4198,162082.4198,0.0,308.1717,308.1717,PASS
GOLDM,15m,2026-08-24 14:45:00,162082.4198,162082.4198,0.0,283.4764,283.4764,PASS
GOLDM,15m,2026-08-24 15:00:00,162082.4198,162082.4198,0.0,261.397,261.397,PASS
GOLDM,15m,2026-08-24 15:15:00,162082.4198,162082.4198,0.0,241.9975,241.9975,PASS
GOLDM,15m,2026-08-24 15:30:00,162082.4198,162082.4198,0.0,235.8312,235.8312,PASS
GOLDM,15m,2026-08-24 15:45:00,162104.0415,162104.0415,0.0,215.3594,215.3594,PASS
GOLDM,15m,2026-08-24 16:00:00,162104.0415,162104.0415,0.0,210.2995,210.2995,PASS
GOLDM,15m,2026-08-24 16:15:00,162104.0415,162104.0415,0.0,201.0829,201.0829,PASS
GOLDM,15m,2026-08-24 16:30:00,162104.0415,162104.0415,0.0,192.2357,192.2357,PASS
GOLDM,15m,2026-08-24 16:45:00,162104.0415,162104.0415,0.0,188.6965,188.6965,PASS
GOLDM,15m,2026-08-24 17:00:00,162104.0415,162104.0415,0.0,180.0804,180.0804,PASS
GOLDM,15m,2026-08-24 17:15:00,162290.7417,162290.7417,0.0,237.567,237.567,PASS
GOLDM,15m,2026-08-24 17:30:00,162308.2279,162308.2279,0.0,243.3058,243.3058,PASS
GOLDM,15m,2026-08-24 17:45:00,162351.285,162351.285,0.0,236.9215,236.9215,PASS
GOLDM,15m,2026-08-24 18:00:00,162454.1385,162454.1385,0.0,231.4346,231.4346,PASS
GOLDM,15m,2026-08-24 18:15:00,162461.076,162461.076,0.0,260.6955,260.6955,PASS
GOLDM,15m,2026-08-24 18:30:00,162540.2986,162540.2986,0.0,258.5796,258.5796,PASS
GOLDM,15m,2026-08-24 18:45:00,162877.119,162877.119,0.0,314.3163,314.3163,PASS
GOLDM,15m,2026-08-24 19:00:00,162939.5355,162939.5355,0.0,307.4303,307.4303,PASS
GOLDM,15m,2026-08-24 19:15:00,162939.5355,162939.5355,0.0,325.5252,325.5252,PASS
GOLDM,15m,2026-08-24 19:30:00,162939.5355,162939.5355,0.0,351.9377,351.9377,PASS
GOLDM,15m,2026-08-24 19:45:00,162939.5355,162939.5355,0.0,339.7814,339.7814,PASS
GOLDM,15m,2026-08-24 20:00:00,162939.5355,162939.5355,0.0,348.6512,348.6512,PASS
GOLDM,15m,2026-08-24 20:15:00,162939.5355,162939.5355,0.0,328.5426,328.5426,PASS
GOLDM,15m,2026-08-24 20:30:00,162939.5355,162939.5355,0.0,335.9522,335.9522,PASS
GOLDM,15m,2026-08-24 20:45:00,162939.5355,162939.5355,0.0,315.4602,315.4602,PASS
GOLDM,15m,2026-08-24 21:00:00,162970.0395,162970.0395,0.0,292.5501,292.5501,PASS
GOLDM,15m,2026-08-24 21:15:00,162970.0395,162970.0395,0.0,310.2918,310.2918,PASS
GOLDM,15m,2026-08-24 21:30:00,162914.4933,162914.4933,0.0,391.4098,391.4098,PASS
GOLDM,15m,2026-08-24 21:45:00,162914.4933,162914.4933,0.0,416.3415,416.3415,PASS
GOLDM,15m,2026-08-24 22:00:00,162914.4933,162914.4933,0.0,374.4513,374.4513,PASS
GOLDM,15m,2026-08-24 22:15:00,162914.4933,162914.4933,0.0,331.2094,331.2094,PASS
GOLDM,15m,2026-08-24 22:30:00,162828.4842,162828.4842,0.0,352.6745,352.6745,PASS
GOLDM,15m,2026-08-24 22:45:00,162821.2915,162821.2915,0.0,372.8954,372.8954,PASS
GOLDM,15m,2026-08-24 23:00:00,162554.0231,162554.0231,0.0,422.5795,422.5795,PASS
GOLDM,15m,2026-08-24 23:15:00,162406.0775,162406.0775,0.0,379.4829,379.4829,PASS
GOLDM,15m,2026-08-24 23:30:00,162263.3861,162263.3861,0.0,357.9024,357.9024,PASS
GOLDM,15m,2026-08-25 09:15:00,162263.3861,162263.3861,0.0,408.252,408.252,PASS
GOLDM,15m,2026-08-25 09:30:00,162149.5075,162149.5075,0.0,384.5434,384.5434,PASS
GOLDM,15m,2026-08-25 09:45:00,162149.5075,162149.5075,0.0,383.9528,383.9528,PASS
GOLDM,15m,2026-08-25 10:00:00,162131.975,162131.975,0.0,380.4607,380.4607,PASS
GOLDM,15m,2026-08-25 10:15:00,161853.1677,161853.1677,0.0,412.7172,412.7172,PASS
GOLDM,15m,2026-08-25 10:30:00,161752.8363,161752.8363,0.0,374.2644,374.2644,PASS
GOLDM,15m,2026-08-25 10:45:00,161752.8363,161752.8363,0.0,409.887,409.887,PASS
GOLDM,15m,2026-08-25 11:00:00,161752.8363,161752.8363,0.0,423.0725,423.0725,PASS
GOLDM,15m,2026-08-25 11:15:00,161752.8363,161752.8363,0.0,410.0604,410.0604,PASS
GOLDM,15m,2026-08-25 11:30:00,161752.8363,161752.8363,0.0,399.217,399.217,PASS
GOLDM,15m,2026-08-25 11:45:00,161934.7558,161934.7558,0.0,380.8475,380.8475,PASS
GOLDM,15m,2026-08-25 12:00:00,162063.7414,162063.7414,0.0,383.2062,383.2062,PASS
GOLDM,15m,2026-08-25 12:15:00,162064.5417,162064.5417,0.0,352.0052,352.0052,PASS
GOLDM,15m,2026-08-25 12:30:00,162064.5417,162064.5417,0.0,347.8377,347.8377,PASS
GOLDM,15m,2026-08-25 12:45:00,162064.5417,162064.5417,0.0,321.6981,321.6981,PASS
GOLDM,15m,2026-08-25 13:00:00,162064.5417,162064.5417,0.0,316.415,316.415,PASS
GOLDM,15m,2026-08-25 13:15:00,162064.5417,162064.5417,0.0,304.3459,304.3459,PASS
GOLDM,15m,2026-08-25 13:30:00,162064.5417,162064.5417,0.0,331.6216,331.6216,PASS
GOLDM,15m,2026-08-25 13:45:00,162038.4396,162038.4396,0.0,326.018,326.018,PASS
GOLDM,15m,2026-08-25 14:00:00,162038.4396,162038.4396,0.0,366.3483,366.3483,PASS
GOLDM,15m,2026-08-25 14:15:00,162038.4396,162038.4396,0.0,367.2903,367.2903,PASS
GOLDM,15m,2026-08-25 14:30:00,162038.4396,162038.4396,0.0,359.4085,359.4085,PASS
GOLDM,15m,2026-08-25 14:45:00,162020.55,162020.55,0.0,351.1738,351.1738,PASS
GOLDM,15m,2026-08-25 15:00:00,161914.8194,161914.8194,0.0,329.4782,329.4782,PASS
GOLDM,15m,2026-08-25 15:15:00,161914.8194,161914.8194,0.0,331.5651,331.5651,PASS
GOLDM,15m,2026-08-25 15:30:00,161914.8194,161914.8194,0.0,308.3043,308.3043,PASS
GOLDM,15m,2026-08-25 15:45:00,161914.8194,161914.8194,0.0,288.9202,288.9202,PASS
GOLDM,15m,2026-08-25 16:00:00,161914.8194,161914.8194,0.0,259.1002,259.1002,PASS
GOLDM,15m,2026-08-25 16:15:00,161914.8194,161914.8194,0.0,251.9168,251.9168,PASS
GOLDM,15m,2026-08-25 16:30:00,161914.8194,161914.8194,0.0,231.4307,231.4307,PASS
GOLDM,15m,2026-08-25 16:45:00,161914.8194,161914.8194,0.0,223.6922,223.6922,PASS
GOLDM,15m,2026-08-25 17:00:00,161914.8194,161914.8194,0.0,209.2435,209.2435,PASS
GOLDM,15m,2026-08-25 17:15:00,161914.8194,161914.8194,0.0,195.2029,195.2029,PASS
GOLDM,15m,2026-08-25 17:30:00,161914.8194,161914.8194,0.0,196.8358,196.8358,PASS
GOLDM,15m,2026-08-25 17:45:00,161914.8194,161914.8194,0.0,211.8632,211.8632,PASS
GOLDM,15m,2026-08-25 18:00:00,161914.8194,161914.8194,0.0,209.386,209.386,PASS
GOLDM,15m,2026-08-25 18:15:00,161914.8194,161914.8194,0.0,220.4883,220.4883,PASS
GOLDM,15m,2026-08-25 18:30:00,161914.8194,161914.8194,0.0,214.5736,214.5736,PASS
GOLDM,15m,2026-08-25 18:45:00,161824.8464,161824.8464,0.0,263.8113,263.8113,PASS
GOLDM,15m,2026-08-25 19:00:00,161322.4551,161322.4551,0.0,359.3428,359.3428,PASS
GOLDM,15m,2026-08-25 19:15:00,161183.3892,161183.3892,0.0,361.7856,361.7856,PASS
GOLDM,15m,2026-08-25 19:30:00,161178.7302,161178.7302,0.0,359.1547,359.1547,PASS
GOLDM,15m,2026-08-25 19:45:00,161178.7302,161178.7302,0.0,371.2956,371.2956,PASS
GOLDM,15m,2026-08-25 20:00:00,161178.7302,161178.7302,0.0,363.413,363.413,PASS
GOLDM,15m,2026-08-25 20:15:00,161178.7302,161178.7302,0.0,411.1775,411.1775,PASS
GOLDM,15m,2026-08-25 20:30:00,161178.7302,161178.7302,0.0,383.9812,383.9812,PASS
GOLDM,15m,2026-08-25 20:45:00,161178.7302,161178.7302,0.0,344.3177,344.3177,PASS
GOLDM,15m,2026-08-25 21:00:00,161201.9782,161201.9782,0.0,377.4314,377.4314,PASS
GOLDM,15m,2026-08-25 21:15:00,161623.9034,161623.9034,0.0,416.5262,416.5262,PASS
GOLDM,15m,2026-08-25 21:30:00,161719.5554,161719.5554,0.0,405.2718,405.2718,PASS
GOLDM,15m,2026-08-25 21:45:00,161719.5554,161719.5554,0.0,406.0598,406.0598,PASS
GOLDM,15m,2026-08-25 22:00:00,161719.5554,161719.5554,0.0,389.0499,389.0499,PASS
GOLDM,15m,2026-08-25 22:15:00,161719.5554,161719.5554,0.0,374.2082,374.2082,PASS
GOLDM,15m,2026-08-25 22:30:00,161719.5554,161719.5554,0.0,342.8402,342.8402,PASS
GOLDM,15m,2026-08-25 22:45:00,161719.5554,161719.5554,0.0,350.8668,350.8668,PASS
GOLDM,15m,2026-08-25 23:00:00,161719.5554,161719.5554,0.0,350.2224,350.2224,PASS
GOLDM,15m,2026-08-25 23:15:00,161719.5554,161719.5554,0.0,323.5186,323.5186,PASS
GOLDM,15m,2026-08-25 23:30:00,161719.5554,161719.5554,0.0,296.4322,296.4322,PASS
GOLDM,15m,2026-08-26 09:15:00,161719.5554,161719.5554,0.0,347.1935,347.1935,PASS
GOLDM,15m,2026-08-26 09:30:00,161719.5554,161719.5554,0.0,331.6612,331.6612,PASS
GOLDM,15m,2026-08-26 09:45:00,161719.5554,161719.5554,0.0,303.7177,303.7177,PASS
GOLDM,15m,2026-08-26 10:00:00,161719.5554,161719.5554,0.0,279.0981,279.0981,PASS
GOLDM,15m,2026-08-26 10:15:00,161719.5554,161719.5554,0.0,254.0817,254.0817,PASS
GOLDM,15m,2026-08-26 10:30:00,161719.5554,161719.5554,0.0,226.7348,226.7348,PASS
GOLDM,15m,2026-08-26 10:45:00,161719.5554,161719.5554,0.0,224.4457,224.4457,PASS
GOLDM,15m,2026-08-26 11:00:00,161726.5138,161726.5138,0.0,213.7047,213.7047,PASS
GOLDM,15m,2026-08-26 11:15:00,161726.5138,161726.5138,0.0,222.7539,222.7539,PASS
GOLDM,15m,2026-08-26 11:30:00,161726.5138,161726.5138,0.0,210.1283,210.1283,PASS
GOLDM,15m,2026-08-26 11:45:00,161726.5138,161726.5138,0.0,196.9402,196.9402,PASS
GOLDM,15m,2026-08-26 12:00:00,161661.3408,161661.3408,0.0,257.1169,257.1169,PASS
GOLDM,15m,2026-08-26 12:15:00,161661.3408,161661.3408,0.0,276.5974,276.5974,PASS
GOLDM,15m,2026-08-26 12:30:00,161661.3408,161661.3408,0.0,275.3311,275.3311,PASS
GOLDM,15m,2026-08-26 12:45:00,161661.3408,161661.3408,0.0,269.9426,269.9426,PASS
GOLDM,15m,2026-08-26 13:00:00,161661.3408,161661.3408,0.0,268.2855,268.2855,PASS
GOLDM,15m,2026-08-26 13:15:00,161661.3408,161661.3408,0.0,251.5713,251.5713,PASS
GOLDM,15m,2026-08-26 13:30:00,161661.3408,161661.3408,0.0,256.8094,256.8094,PASS
GOLDM,15m,2026-08-26 13:45:00,161584.175,161584.175,0.0,242.6745,242.6745,PASS
GOLDM,15m,2026-08-26 14:00:00,161584.175,161584.175,0.0,240.8954,240.8954,PASS
GOLDM,15m,2026-08-26 14:15:00,161584.175,161584.175,0.0,227.2462,227.2462,PASS
GOLDM,15m,2026-08-26 14:30:00,161509.0081,161509.0081,0.0,227.8718,227.8718,PASS
GOLDM,15m,2026-08-26 14:45:00,161448.4944,161448.4944,0.0,224.8932,224.8932,PASS
GOLDM,15m,2026-08-26 15:00:00,161221.3948,161221.3948,0.0,237.0776,237.0776,PASS
GOLDM,15m,2026-08-26 15:15:00,161221.3948,161221.3948,0.0,237.5647,237.5647,PASS
GOLDM,15m,2026-08-26 15:30:00,161221.3948,161221.3948,0.0,225.8039,225.8039,PASS
GOLDM,15m,2026-08-26 15:45:00,161221.3948,161221.3948,0.0,208.6699,208.6699,PASS
GOLDM,15m,2026-08-26 16:00:00,161103.6447,161103.6447,0.0,214.5583,214.5583,PASS
GOLDM,15m,2026-08-26 16:15:00,161103.6447,161103.6447,0.0,216.4652,216.4652,PASS
GOLDM,15m,2026-08-26 16:30:00,161103.6447,161103.6447,0.0,195.0544,195.0544,PASS
GOLDM,15m,2026-08-26 16:45:00,161103.6447,161103.6447,0.0,196.712,196.712,PASS
GOLDM,15m,2026-08-26 17:00:00,161103.6447,161103.6447,0.0,196.9266,196.9266,PASS
GOLDM,15m,2026-08-26 17:15:00,161103.6447,161103.6447,0.0,193.4389,193.4389,PASS
GOLDM,15m,2026-08-26 17:30:00,161103.6447,161103.6447,0.0,210.8657,210.8657,PASS
GOLDM,15m,2026-08-26 17:45:00,161103.6447,161103.6447,0.0,231.5548,231.5548,PASS
GOLDM,15m,2026-08-26 18:00:00,161199.484,161199.484,0.0,229.2956,229.2956,PASS
GOLDM,15m,2026-08-26 18:15:00,161199.484,161199.484,0.0,304.5797,304.5797,PASS
GOLDM,15m,2026-08-26 18:30:00,161199.484,161199.484,0.0,299.3164,299.3164,PASS
GOLDM,15m,2026-08-26 18:45:00,161147.6826,161147.6826,0.0,298.097,298.097,PASS
GOLDM,15m,2026-08-26 19:00:00,161044.08,161044.08,0.0,297.7475,297.7475,PASS
GOLDM,15m,2026-08-26 19:15:00,161044.08,161044.08,0.0,300.1229,300.1229,PASS
GOLDM,15m,2026-08-26 19:30:00,161044.08,161044.08,0.0,292.6024,292.6024,PASS
GOLDM,15m,2026-08-26 19:45:00,161044.08,161044.08,0.0,300.502,300.502,PASS
GOLDM,15m,2026-08-26 20:00:00,161044.08,161044.08,0.0,291.585,291.585,PASS
GOLDM,15m,2026-08-26 20:15:00,161044.08,161044.08,0.0,281.1542,281.1542,PASS
GOLDM,15m,2026-08-26 20:30:00,161004.1582,161004.1582,0.0,309.9618,309.9618,PASS
GOLDM,15m,2026-08-26 20:45:00,160464.9886,160464.9886,0.0,387.9682,387.9682,PASS
GOLDM,15m,2026-08-26 21:00:00,160444.1114,160444.1114,0.0,414.1402,414.1402,PASS
GOLDM,15m,2026-08-26 21:15:00,160444.1114,160444.1114,0.0,390.9501,390.9501,PASS
GOLDM,15m,2026-08-26 21:30:00,160379.0985,160379.0985,0.0,416.6251,416.6251,PASS
GOLDM,15m,2026-08-26 21:45:00,160376.8361,160376.8361,0.0,410.3543,410.3543,PASS
GOLDM,15m,2026-08-26 22:00:00,160222.0754,160222.0754,0.0,375.9619,375.9619,PASS
GOLDM,15m,2026-08-26 22:15:00,159898.0446,159898.0446,0.0,413.8016,413.8016,PASS
GOLDM,15m,2026-08-26 22:30:00,159695.466,159695.466,0.0,421.5013,421.5013,PASS
GOLDM,15m,2026-08-26 22:45:00,159581.905,159581.905,0.0,389.7511,389.7511,PASS
GOLDM,15m,2026-08-26 23:00:00,159545.2886,159545.2886,0.0,390.6259,390.6259,PASS
GOLDM,15m,2026-08-26 23:15:00,159362.9792,159362.9792,0.0,416.3549,416.3549,PASS
GOLDM,15m,2026-08-26 23:30:00,158745.0877,158745.0877,0.0,492.6291,492.6291,PASS
GOLDM,15m,2026-08-27 09:15:00,158745.0877,158745.0877,0.0,754.8576,754.8576,PASS
GOLDM,15m,2026-08-27 09:30:00,158745.0877,158745.0877,0.0,743.7147,743.7147,PASS
GOLDM,15m,2026-08-27 09:45:00,158745.0877,158745.0877,0.0,702.0955,702.0955,PASS
GOLDM,15m,2026-08-27 10:00:00,158411.5616,158411.5616,0.0,1067.2463,1067.2463,PASS
GOLDM,15m,2026-08-27 10:15:00,157934.081,157934.081,0.0,1106.3719,1106.3719,PASS
GOLDM,15m,2026-08-27 10:30:00,157934.081,157934.081,0.0,1240.9766,1240.9766,PASS
GOLDM,15m,2026-08-27 10:45:00,157934.081,157934.081,0.0,1199.1472,1199.1472,PASS
GOLDM,15m,2026-08-27 11:00:00,157934.081,157934.081,0.0,1085.7893,1085.7893,PASS
GOLDM,15m,2026-08-27 11:15:00,157934.081,157934.081,0.0,1032.9911,1032.9911,PASS
GOLDM,15m,2026-08-27 11:30:00,157934.081,157934.081,0.0,950.1592,950.1592,PASS
GOLDM,15m,2026-08-27 11:45:00,157934.081,157934.081,0.0,852.466,852.466,PASS
GOLDM,15m,2026-08-27 12:00:00,157934.081,157934.081,0.0,801.7217,801.7217,PASS
GOLDM,15m,2026-08-27 12:15:00,157934.081,157934.081,0.0,761.2681,761.2681,PASS
GOLDM,15m,2026-08-27 12:30:00,157934.081,157934.081,0.0,709.8901,709.8901,PASS
GOLDM,15m,2026-08-27 12:45:00,157934.081,157934.081,0.0,630.7417,630.7417,PASS
GOLDM,15m,2026-08-27 13:00:00,157934.081,157934.081,0.0,588.2848,588.2848,PASS
GOLDM,15m,2026-08-27 13:15:00,157934.081,157934.081,0.0,594.5706,594.5706,PASS
GOLDM,15m,2026-08-27 13:30:00,157934.081,157934.081,0.0,544.9755,544.9755,PASS
GOLDM,15m,2026-08-27 13:45:00,157934.081,157934.081,0.0,521.8129,521.8129,PASS
GOLDM,15m,2026-08-27 14:00:00,157934.081,157934.081,0.0,505.6775,505.6775,PASS
GOLDM,15m,2026-08-27 14:15:00,157934.081,157934.081,0.0,495.3979,495.3979,PASS
GOLDM,15m,2026-08-27 14:30:00,157934.081,157934.081,0.0,479.1649,479.1649,PASS
GOLDM,15m,2026-08-27 14:45:00,157934.081,157934.081,0.0,447.4707,447.4707,PASS
GOLDM,15m,2026-08-27 15:00:00,157934.081,157934.081,0.0,417.3923,417.3923,PASS
GOLDM,15m,2026-08-27 15:15:00,157934.081,157934.081,0.0,428.8269,428.8269,PASS
GOLDM,15m,2026-08-27 15:30:00,157913.174,157913.174,0.0,402.5224,402.5224,PASS
GOLDM,15m,2026-08-27 15:45:00,157821.1203,157821.1203,0.0,422.4354,422.4354,PASS
GOLDM,15m,2026-08-27 16:00:00,157678.7182,157678.7182,0.0,382.6961,382.6961,PASS
GOLDM,15m,2026-08-27 16:15:00,157678.7182,157678.7182,0.0,393.7468,393.7468,PASS
GOLDM,15m,2026-08-27 16:30:00,157678.7182,157678.7182,0.0,367.1223,367.1223,PASS
GOLDM,15m,2026-08-27 16:45:00,157678.7182,157678.7182,0.0,347.9353,347.9353,PASS
GOLDM,15m,2026-08-27 17:00:00,157678.7182,157678.7182,0.0,318.2794,318.2794,PASS
GOLDM,15m,2026-08-27 17:15:00,157678.7182,157678.7182,0.0,369.2328,369.2328,PASS
GOLDM,15m,2026-08-27 17:30:00,157678.7182,157678.7182,0.0,356.5273,356.5273,PASS
GOLDM,15m,2026-08-27 17:45:00,157678.7182,157678.7182,0.0,381.2728,381.2728,PASS
GOLDM,15m,2026-08-27 18:00:00,157678.7182,157678.7182,0.0,374.894,374.894,PASS
GOLDM,15m,2026-08-27 18:15:00,157639.7371,157639.7371,0.0,376.9117,376.9117,PASS
GOLDM,15m,2026-08-27 18:30:00,157629.5932,157629.5932,0.0,379.9264,379.9264,PASS
GOLDM,15m,2026-08-27 18:45:00,157603.1491,157603.1491,0.0,365.9387,365.9387,PASS
GOLDM,15m,2026-08-27 19:00:00,157603.1491,157603.1491,0.0,384.4489,384.4489,PASS
GOLDM,15m,2026-08-27 19:15:00,157603.1491,157603.1491,0.0,404.0407,404.0407,PASS
GOLDM,15m,2026-08-27 19:30:00,157535.5558,157535.5558,0.0,395.2006,395.2006,PASS
GOLDM,15m,2026-08-27 19:45:00,157501.4621,157501.4621,0.0,370.6672,370.6672,PASS
GOLDM,15m,2026-08-27 20:00:00,157501.4621,157501.4621,0.0,356.556,356.556,PASS
GOLDM,15m,2026-08-27 20:15:00,157501.4621,157501.4621,0.0,376.4633,376.4633,PASS
GOLDM,15m,2026-08-27 20:30:00,157501.4621,157501.4621,0.0,365.8861,365.8861,PASS
GOLDM,15m,2026-08-27 20:45:00,157501.4621,157501.4621,0.0,349.7384,349.7384,PASS
GOLDM,15m,2026-08-27 21:00:00,157501.4621,157501.4621,0.0,323.1153,323.1153,PASS
GOLDM,15m,2026-08-27 21:15:00,157642.7867,157642.7867,0.0,434.0961,434.0961,PASS
GOLDM,15m,2026-08-27 21:30:00,158254.2776,158254.2776,0.0,494.2468,494.2468,PASS
GOLDM,15m,2026-08-27 21:45:00,158254.2776,158254.2776,0.0,539.8723,539.8723,PASS
GOLDM,15m,2026-08-27 22:00:00,158254.2776,158254.2776,0.0,574.2269,574.2269,PASS
GOLDM,15m,2026-08-27 22:15:00,158254.2776,158254.2776,0.0,529.6891,529.6891,PASS
GOLDM,15m,2026-08-27 22:30:00,158254.2776,158254.2776,0.0,494.4076,494.4076,PASS
GOLDM,15m,2026-08-27 22:45:00,158254.2776,158254.2776,0.0,473.5063,473.5063,PASS
GOLDM,15m,2026-08-27 23:00:00,158254.2776,158254.2776,0.0,443.7553,443.7553,PASS
GOLDM,15m,2026-08-27 23:15:00,158254.2776,158254.2776,0.0,441.9627,441.9627,PASS
GOLDM,15m,2026-08-27 23:30:00,158254.2776,158254.2776,0.0,422.1356,422.1356,PASS
GOLDM,15m,2026-08-28 09:15:00,158011.3824,158011.3824,0.0,546.4463,546.4463,PASS
GOLDM,15m,2026-08-28 09:30:00,157773.8785,157773.8785,0.0,513.7053,513.7053,PASS
GOLDM,15m,2026-08-28 09:45:00,157773.8785,157773.8785,0.0,484.7544,484.7544,PASS
GOLDM,15m,2026-08-28 10:00:00,157773.8785,157773.8785,0.0,473.6287,473.6287,PASS
GOLDM,15m,2026-08-28 10:15:00,157773.8785,157773.8785,0.0,444.8572,444.8572,PASS
GOLDM,15m,2026-08-28 10:30:00,157773.8785,157773.8785,0.0,418.0477,418.0477,PASS
GOLDM,15m,2026-08-28 10:45:00,157773.8785,157773.8785,0.0,393.0397,393.0397,PASS
GOLDM,15m,2026-08-28 11:00:00,157773.8785,157773.8785,0.0,352.8664,352.8664,PASS
GOLDM,15m,2026-08-28 11:15:00,157667.663,157667.663,0.0,336.8887,336.8887,PASS
GOLDM,15m,2026-08-28 11:30:00,157606.2242,157606.2242,0.0,316.7406,316.7406,PASS
GOLDM,15m,2026-08-28 11:45:00,157606.2242,157606.2242,0.0,338.9505,338.9505,PASS
GOLDM,15m,2026-08-28 12:00:00,157606.2242,157606.2242,0.0,322.2921,322.2921,PASS
GOLDM,15m,2026-08-28 12:15:00,157606.2242,157606.2242,0.0,301.2434,301.2434,PASS
GOLDM,15m,2026-08-28 12:30:00,157816.4557,157816.4557,0.0,367.0362,367.0362,PASS
GOLDM,15m,2026-08-28 12:45:00,157896.1615,157896.1615,0.0,365.6968,365.6968,PASS
GOLDM,15m,2026-08-28 13:00:00,158085.238,158085.238,0.0,357.7473,357.7473,PASS
GOLDM,15m,2026-08-28 13:15:00,158248.148,158248.148,0.0,373.1228,373.1228,PASS
GOLDM,15m,2026-08-28 13:30:00,158399.0055,158399.0055,0.0,347.269,347.269,PASS
GOLDM,15m,2026-08-28 13:45:00,158399.0055,158399.0055,0.0,339.2242,339.2242,PASS
GOLDM,15m,2026-08-28 14:00:00,158399.0055,158399.0055,0.0,339.3535,339.3535,PASS
GOLDM,15m,2026-08-28 14:15:00,158399.0055,158399.0055,0.0,330.7946,330.7946,PASS
GOLDM,15m,2026-08-28 14:30:00,158399.0055,158399.0055,0.0,327.1621,327.1621,PASS
GOLDM,15m,2026-08-28 14:45:00,158399.0055,158399.0055,0.0,316.3018,316.3018,PASS
GOLDM,15m,2026-08-28 15:00:00,158399.0055,158399.0055,0.0,334.9181,334.9181,PASS
GOLDM,15m,2026-08-28 15:15:00,158445.9412,158445.9412,0.0,311.4318,311.4318,PASS
GOLDM,15m,2026-08-28 15:30:00,158593.5987,158593.5987,0.0,319.3598,319.3598,PASS
GOLDM,15m,2026-08-28 15:45:00,158787.4821,158787.4821,0.0,327.6332,327.6332,PASS
GOLDM,15m,2026-08-28 16:00:00,158855.348,158855.348,0.0,300.0277,300.0277,PASS
GOLDM,15m,2026-08-28 16:15:00,158855.348,158855.348,0.0,285.3564,285.3564,PASS
GOLDM,15m,2026-08-28 16:30:00,158855.348,158855.348,0.0,297.9636,297.9636,PASS
GOLDM,15m,2026-08-28 16:45:00,158855.348,158855.348,0.0,298.1364,298.1364,PASS
GOLDM,15m,2026-08-28 17:00:00,158855.348,158855.348,0.0,274.1136,274.1136,PASS
GOLDM,15m,2026-08-28 17:15:00,158855.348,158855.348,0.0,262.928,262.928,PASS
GOLDM,15m,2026-08-28 17:30:00,158855.348,158855.348,0.0,239.2734,239.2734,PASS
GOLDM,15m,2026-08-28 17:45:00,158855.348,158855.348,0.0,243.3945,243.3945,PASS
GOLDM,15m,2026-08-28 18:00:00,158855.348,158855.348,0.0,234.9954,234.9954,PASS
GOLDM,15m,2026-08-28 18:15:00,158855.348,158855.348,0.0,224.8295,224.8295,PASS
GOLDM,15m,2026-08-28 18:30:00,158855.348,158855.348,0.0,208.8579,208.8579,PASS
GOLDM,15m,2026-08-28 18:45:00,158855.348,158855.348,0.0,200.5483,200.5483,PASS
GOLDM,15m,2026-08-28 19:00:00,158855.348,158855.348,0.0,190.1235,190.1235,PASS
GOLDM,15m,2026-08-28 19:15:00,158864.0461,158864.0461,0.0,194.7696,194.7696,PASS
GOLDM,15m,2026-08-28 19:30:00,158983.157,158983.157,0.0,249.4747,249.4747,PASS
GOLDM,15m,2026-08-28 19:45:00,158983.157,158983.157,0.0,489.8956,489.8956,PASS
GOLDM,15m,2026-08-28 20:00:00,158589.8495,158589.8495,0.0,584.0796,584.0796,PASS
GOLDM,15m,2026-08-28 20:15:00,158484.0001,158484.0001,0.0,601.8997,601.8997,PASS
GOLDM,15m,2026-08-28 20:30:00,158484.0001,158484.0001,0.0,608.9164,608.9164,PASS
GOLDM,15m,2026-08-28 20:45:00,158484.0001,158484.0001,0.0,585.4303,585.4303,PASS
GOLDM,15m,2026-08-28 21:00:00,158484.0001,158484.0001,0.0,548.0253,548.0253,PASS
GOLDM,15m,2026-08-28 21:15:00,158148.1437,158148.1437,0.0,582.0211,582.0211,PASS
GOLDM,15m,2026-08-28 21:30:00,157734.3044,157734.3044,0.0,577.0176,577.0176,PASS
GOLDM,15m,2026-08-28 21:45:00,157229.6874,157229.6874,0.0,614.1813,614.1813,PASS
GOLDM,15m,2026-08-28 22:00:00,156763.3355,156763.3355,0.0,696.6511,696.6511,PASS
GOLDM,15m,2026-08-28 22:15:00,156321.1838,156321.1838,0.0,673.8759,673.8759,PASS
GOLDM,15m,2026-08-28 22:30:00,156321.1838,156321.1838,0.0,720.5633,720.5633,PASS
GOLDM,15m,2026-08-28 22:45:00,156235.6125,156235.6125,0.0,669.8027,669.8027,PASS
GOLDM,15m,2026-08-28 23:00:00,156235.6125,156235.6125,0.0,712.1689,712.1689,PASS
GOLDM,15m,2026-08-28 23:15:00,156235.6125,156235.6125,0.0,671.9741,671.9741,PASS
GOLDM,15m,2026-08-28 23:30:00,156235.6125,156235.6125,0.0,603.4784,603.4784,PASS
GOLDM,15m,SUMMARY,,,0,,,PASS
GOLDM,1h,2026-08-24 10:00:00,161935.0,161935.0,0.0,,,PASS
GOLDM,1h,2026-08-24 11:00:00,161935.0,161935.0,0.0,,,PASS
GOLDM,1h,2026-08-24 12:00:00,161935.0,161935.0,0.0,,,PASS
GOLDM,1h,2026-08-24 13:00:00,161935.0,161935.0,0.0,,,PASS
GOLDM,1h,2026-08-24 14:00:00,161935.0,161935.0,0.0,,,PASS
GOLDM,1h,2026-08-24 15:00:00,161935.0,161935.0,0.0,891.8333,891.8333,PASS
GOLDM,1h,2026-08-24 16:00:00,161935.0,161935.0,0.0,810.3611,810.3611,PASS
GOLDM,1h,2026-08-24 17:00:00,161935.0,161935.0,0.0,719.6343,719.6343,PASS
GOLDM,1h,2026-08-24 18:00:00,161935.0,161935.0,0.0,687.1952,687.1952,PASS
GOLDM,1h,2026-08-24 19:00:00,162366.6098,162366.6098,0.0,728.1627,728.1627,PASS
GOLDM,1h,2026-08-24 20:00:00,162508.395,162508.395,0.0,690.3022,690.3022,PASS
GOLDM,1h,2026-08-24 21:00:00,162663.5023,162663.5023,0.0,646.7519,646.7519,PASS
GOLDM,1h,2026-08-24 22:00:00,162663.5023,162663.5023,0.0,733.6266,733.6266,PASS
GOLDM,1h,2026-08-24 23:00:00,162663.5023,162663.5023,0.0,774.3555,774.3555,PASS
GOLDM,1h,2026-08-25 00:00:00,162650.6467,162650.6467,0.0,705.4629,705.4629,PASS
GOLDM,1h,2026-08-25 10:00:00,162394.128,162394.128,0.0,697.8857,697.8857,PASS
GOLDM,1h,2026-08-25 11:00:00,162394.128,162394.128,0.0,769.7381,769.7381,PASS
GOLDM,1h,2026-08-25 12:00:00,162394.128,162394.128,0.0,757.4484,757.4484,PASS
GOLDM,1h,2026-08-25 13:00:00,162394.128,162394.128,0.0,733.707,733.707,PASS
GOLDM,1h,2026-08-25 14:00:00,162394.128,162394.128,0.0,733.5892,733.5892,PASS
GOLDM,1h,2026-08-25 15:00:00,162333.6418,162333.6418,0.0,701.6577,701.6577,PASS
GOLDM,1h,2026-08-25 16:00:00,162333.6418,162333.6418,0.0,648.8814,648.8814,PASS
GOLDM,1h,2026-08-25 17:00:00,162333.6418,162333.6418,0.0,587.4011,587.4011,PASS
GOLDM,1h,2026-08-25 18:00:00,162333.6418,162333.6418,0.0,570.001,570.001,PASS
GOLDM,1h,2026-08-25 19:00:00,161738.6924,161738.6924,0.0,689.5008,689.5008,PASS
GOLDM,1h,2026-08-25 20:00:00,161684.2221,161684.2221,0.0,688.2507,688.2507,PASS
GOLDM,1h,2026-08-25 21:00:00,161684.2221,161684.2221,0.0,732.3756,732.3756,PASS
GOLDM,1h,2026-08-25 22:00:00,161684.2221,161684.2221,0.0,712.313,712.313,PASS
GOLDM,1h,2026-08-25 23:00:00,161684.2221,161684.2221,0.0,676.7608,676.7608,PASS
GOLDM,1h,2026-08-26 00:00:00,161684.2221,161684.2221,0.0,612.634,612.634,PASS
GOLDM,1h,2026-08-26 10:00:00,161684.2221,161684.2221,0.0,610.695,610.695,PASS
GOLDM,1h,2026-08-26 11:00:00,161684.2221,161684.2221,0.0,552.9125,552.9125,PASS
GOLDM,1h,2026-08-26 12:00:00,161684.2221,161684.2221,0.0,601.7604,601.7604,PASS
GOLDM,1h,2026-08-26 13:00:00,161684.2221,161684.2221,0.0,574.467,574.467,PASS
GOLDM,1h,2026-08-26 14:00:00,161684.2221,161684.2221,0.0,552.8892,552.8892,PASS
GOLDM,1h,2026-08-26 15:00:00,161571.3459,161571.3459,0.0,547.9076,547.9076,PASS
GOLDM,1h,2026-08-26 16:00:00,161384.6832,161384.6832,0.0,525.2564,525.2564,PASS
GOLDM,1h,2026-08-26 17:00:00,161384.6832,161384.6832,0.0,477.3803,477.3803,PASS
GOLDM,1h,2026-08-26 18:00:00,161384.6832,161384.6832,0.0,495.8169,495.8169,PASS
GOLDM,1h,2026-08-26 19:00:00,161384.6832,161384.6832,0.0,566.3474,566.3474,PASS
GOLDM,1h,2026-08-26 20:00:00,161384.6832,161384.6832,0.0,556.9562,556.9562,PASS
GOLDM,1h,2026-08-26 21:00:00,160974.5457,160974.5457,0.0,697.2968,697.2968,PASS
GOLDM,1h,2026-08-26 22:00:00,160582.7579,160582.7579,0.0,700.2474,700.2474,PASS
GOLDM,1h,2026-08-26 23:00:00,160006.9044,160006.9044,0.0,714.7061,714.7061,PASS
GOLDM,1h,2026-08-27 00:00:00,159082.9924,159082.9924,0.0,805.9218,805.9218,PASS
GOLDM,1h,2026-08-27 10:00:00,158468.9559,158468.9559,0.0,1383.9348,1383.9348,PASS
GOLDM,1h,2026-08-27 11:00:00,158468.9559,158468.9559,0.0,1606.6123,1606.6123,PASS
GOLDM,1h,2026-08-27 12:00:00,158468.9559,158468.9559,0.0,1488.8436,1488.8436,PASS
GOLDM,1h,2026-08-27 13:00:00,158468.9559,158468.9559,0.0,1347.8697,1347.8697,PASS
GOLDM,1h,2026-08-27 14:00:00,158468.9559,158468.9559,0.0,1298.3914,1298.3914,PASS
GOLDM,1h,2026-08-27 15:00:00,158468.9559,158468.9559,0.0,1155.9928,1155.9928,PASS
GOLDM,1h,2026-08-27 16:00:00,158468.9559,158468.9559,0.0,1131.6607,1131.6607,PASS
GOLDM,1h,2026-08-27 17:00:00,158423.4575,158423.4575,0.0,1017.8839,1017.8839,PASS
GOLDM,1h,2026-08-27 18:00:00,158423.4575,158423.4575,0.0,978.2366,978.2366,PASS
GOLDM,1h,2026-08-27 19:00:00,158344.7878,158344.7878,0.0,924.1972,924.1972,PASS
GOLDM,1h,2026-08-27 20:00:00,158194.9047,158194.9047,0.0,859.4976,859.4976,PASS
GOLDM,1h,2026-08-27 21:00:00,158194.9047,158194.9047,0.0,795.5814,795.5814,PASS
GOLDM,1h,2026-08-27 22:00:00,158194.9047,158194.9047,0.0,930.9845,930.9845,PASS
GOLDM,1h,2026-08-27 23:00:00,158194.9047,158194.9047,0.0,881.6537,881.6537,PASS
GOLDM,1h,2026-08-28 00:00:00,158194.9047,158194.9047,0.0,806.8781,806.8781,PASS
GOLDM,1h,2026-08-28 10:00:00,158194.9047,158194.9047,0.0,867.0651,867.0651,PASS
GOLDM,1h,2026-08-28 11:00:00,158194.9047,158194.9047,0.0,782.7209,782.7209,PASS
GOLDM,1h,2026-08-28 12:00:00,158194.9047,158194.9047,0.0,742.6008,742.6008,PASS
GOLDM,1h,2026-08-28 13:00:00,158194.9047,158194.9047,0.0,775.5006,775.5006,PASS
GOLDM,1h,2026-08-28 14:00:00,158194.9047,158194.9047,0.0,721.2505,721.2505,PASS
GOLDM,1h,2026-08-28 15:00:00,158194.9047,158194.9047,0.0,684.8754,684.8754,PASS
GOLDM,1h,2026-08-28 16:00:00,158414.3196,158414.3196,0.0,672.7295,672.7295,PASS
GOLDM,1h,2026-08-28 17:00:00,158423.2832,158423.2832,0.0,647.7746,647.7746,PASS
GOLDM,1h,2026-08-28 18:00:00,158462.3167,158462.3167,0.0,593.9788,593.9788,PASS
GOLDM,1h,2026-08-28 19:00:00,158511.632,158511.632,0.0,525.649,525.649,PASS
GOLDM,1h,2026-08-28 20:00:00,158511.632,158511.632,0.0,800.7075,800.7075,PASS
GOLDM,1h,2026-08-28 21:00:00,158511.632,158511.632,0.0,782.4229,782.4229,PASS
GOLDM,1h,2026-08-28 22:00:00,157530.2917,157530.2917,0.0,1085.0191,1085.0191,PASS
GOLDM,1h,2026-08-28 23:00:00,157144.1293,157144.1293,0.0,1099.0159,1099.0159,PASS
GOLDM,1h,2026-08-29 00:00:00,156860.3918,156860.3918,0.0,994.3466,994.3466,PASS
GOLDM,1h,SUMMARY,,,0,,,PASS
SILVERM,15m,2026-08-24 09:15:00,254920.0,254920.0,0.0,,,PASS
SILVERM,15m,2026-08-24 09:30:00,254920.0,254920.0,0.0,,,PASS
SILVERM,15m,2026-08-24 09:45:00,254920.0,254920.0,0.0,,,PASS
SILVERM,15m,2026-08-24 10:00:00,254920.0,254920.0,0.0,,,PASS
SILVERM,15m,2026-08-24 10:15:00,254920.0,254920.0,0.0,,,PASS
SILVERM,15m,2026-08-24 10:30:00,254920.0,254920.0,0.0,838.5,838.5,PASS
SILVERM,15m,2026-08-24 10:45:00,254920.0,254920.0,0.0,771.75,771.75,PASS
SILVERM,15m,2026-08-24 11:00:00,254920.0,254920.0,0.0,716.7917,716.7917,PASS
SILVERM,15m,2026-08-24 11:15:00,254887.816,254887.816,0.0,703.6597,703.6597,PASS
SILVERM,15m,2026-08-24 11:30:00,254887.816,254887.816,0.0,662.7164,662.7164,PASS
SILVERM,15m,2026-08-24 11:45:00,254887.816,254887.816,0.0,745.2637,745.2637,PASS
SILVERM,15m,2026-08-24 12:00:00,254887.816,254887.816,0.0,793.2197,793.2197,PASS
SILVERM,15m,2026-08-24 12:15:00,254887.816,254887.816,0.0,746.1831,746.1831,PASS
SILVERM,15m,2026-08-24 12:30:00,254887.816,254887.816,0.0,682.4859,682.4859,PASS
SILVERM,15m,2026-08-24 12:45:00,254939.1685,254939.1685,0.0,647.0716,647.0716,PASS
SILVERM,15m,2026-08-24 13:00:00,254939.1685,254939.1685,0.0,628.7263,628.7263,PASS
SILVERM,15m,2026-08-24 13:15:00,254939.1685,254939.1685,0.0,620.9386,620.9386,PASS
SILVERM,15m,2026-08-24 13:30:00,254939.1685,254939.1685,0.0,567.4488,567.4488,PASS
SILVERM,15m,2026-08-24 13:45:00,254939.1685,254939.1685,0.0,590.874,590.874,PASS
SILVERM,15m,2026-08-24 14:00:00,254892.8315,254892.8315,0.0,581.5617,581.5617,PASS
SILVERM,15m,2026-08-24 14:15:00,254892.8315,254892.8315,0.0,602.3014,602.3014,PASS
SILVERM,15m,2026-08-24 14:30:00,254892.8315,254892.8315,0.0,593.5845,593.5845,PASS
SILVERM,15m,2026-08-24 14:45:00,254892.8315,254892.8315,0.0,589.1538,589.1538,PASS
SILVERM,15m,2026-08-24 15:00:00,254839.0883,254839.0883,0.0,555.9615,555.9615,PASS
SILVERM,15m,2026-08-24 15:15:00,254773.5841,254773.5841,0.0,529.9679,529.9679,PASS
SILVERM,15m,2026-08-24 15:30:00,254773.5841,254773.5841,0.0,499.1399,499.1399,PASS
SILVERM,15m,2026-08-24 15:45:00,254773.5841,254773.5841,0.0,549.2833,549.2833,PASS
SILVERM,15m,2026-08-24 16:00:00,254773.5841,254773.5841,0.0,487.5694,487.5694,PASS
SILVERM,15m,2026-08-24 16:15:00,254773.5841,254773.5841,0.0,487.6412,487.6412,PASS
SILVERM,15m,2026-08-24 16:30:00,254773.5841,254773.5841,0.0,463.0343,463.0343,PASS
SILVERM,15m,2026-08-24 16:45:00,254773.5841,254773.5841,0.0,445.8619,445.8619,PASS
SILVERM,15m,2026-08-24 17:00:00,254773.5841,254773.5841,0.0,428.0516,428.0516,PASS
SILVERM,15m,2026-08-24 17:15:00,255038.1342,255038.1342,0.0,555.2097,555.2097,PASS
SILVERM,15m,2026-08-24 17:30:00,255237.8434,255237.8434,0.0,531.3414,531.3414,PASS
SILVERM,15m,2026-08-24 17:45:00,255379.481,255379.481,0.0,483.6178,483.6178,PASS
SILVERM,15m,2026-08-24 18:00:00,255493.2877,255493.2877,0.0,443.0148,443.0148,PASS
SILVERM,15m,2026-08-24 18:15:00,255493.2877,255493.2877,0.0,515.0124,515.0124,PASS
SILVERM,15m,2026-08-24 18:30:00,255493.2877,255493.2877,0.0,506.677,506.677,PASS
SILVERM,15m,2026-08-24 18:45:00,256302.6728,256302.6728,0.0,668.8975,668.8975,PASS
SILVERM,15m,2026-08-24 19:00:00,256461.7093,256461.7093,0.0,665.7479,665.7479,PASS
SILVERM,15m,2026-08-24 19:15:00,256461.7093,256461.7093,0.0,863.1233,863.1233,PASS
SILVERM,15m,2026-08-24 19:30:00,256461.7093,256461.7093,0.0,893.2694,893.2694,PASS
SILVERM,15m,2026-08-24 19:45:00,256461.7093,256461.7093,0.0,846.7245,846.7245,PASS
SILVERM,15m,2026-08-24 20:00:00,256461.7093,256461.7093,0.0,928.6037,928.6037,PASS
SILVERM,15m,2026-08-24 20:15:00,256461.7093,256461.7093,0.0,895.1698,895.1698,PASS
SILVERM,15m,2026-08-24 20:30:00,256412.1648,256412.1648,0.0,867.6415,867.6415,PASS
SILVERM,15m,2026-08-24 20:45:00,256393.3561,256393.3561,0.0,806.0346,806.0346,PASS
SILVERM,15m,2026-08-24 21:00:00,256393.3561,256393.3561,0.0,734.0288,734.0288,PASS
SILVERM,15m,2026-08-24 21:15:00,256176.801,256176.801,0.0,746.6907,746.6907,PASS
SILVERM,15m,2026-08-24 21:30:00,255348.6799,255348.6799,0.0,836.2422,836.2422,PASS
SILVERM,15m,2026-08-24 21:45:00,255184.4453,255184.4453,0.0,845.0352,845.0352,PASS
SILVERM,15m,2026-08-24 22:00:00,255184.4453,255184.4453,0.0,817.696,817.696,PASS
SILVERM,15m,2026-08-24 22:15:00,255184.4453,255184.4453,0.0,757.58,757.58,PASS
SILVERM,15m,2026-08-24 22:30:00,255004.0855,255004.0855,0.0,722.65,722.65,PASS
SILVERM,15m,2026-08-24 22:45:00,255004.0855,255004.0855,0.0,734.5417,734.5417,PASS
SILVERM,15m,2026-08-24 23:00:00,254391.3743,254391.3743,0.0,875.2847,875.2847,PASS
SILVERM,15m,2026-08-24 23:15:00,253848.2147,253848.2147,0.0,791.7373,791.7373,PASS
SILVERM,15m,2026-08-24 23:30:00,253444.9861,253444.9861,0.0,826.2811,826.2811,PASS
SILVERM,15m,2026-08-25 09:15:00,252537.9032,252537.9032,0.0,963.5675,963.5675,PASS
SILVERM,15m,2026-08-25 09:30:00,252145.4657,252145.4657,0.0,880.8063,880.8063,PASS
SILVERM,15m,2026-08-25 09:45:00,252145.4657,252145.4657,0.0,821.1719,821.1719,PASS
SILVERM,15m,2026-08-25 10:00:00,251926.8039,251926.8039,0.0,817.1433,817.1433,PASS
SILVERM,15m,2026-08-25 10:15:00,251379.8862,251379.8862,0.0,816.1194,816.1194,PASS
SILVERM,15m,2026-08-25 10:30:00,251323.7844,251323.7844,0.0,754.9328,754.9328,PASS
SILVERM,15m,2026-08-25 10:45:00,251323.7844,251323.7844,0.0,795.2773,795.2773,PASS
SILVERM,15m,2026-08-25 11:00:00,251323.7844,251323.7844,0.0,888.7311,888.7311,PASS
SILVERM,15m,2026-08-25 11:15:00,251323.7844,251323.7844,0.0,926.4426,926.4426,PASS
SILVERM,15m,2026-08-25 11:30:00,251323.7844,251323.7844,0.0,879.2022,879.2022,PASS
SILVERM,15m,2026-08-25 11:45:00,251394.2386,251394.2386,0.0,870.5018,870.5018,PASS
SILVERM,15m,2026-08-25 12:00:00,251945.8161,251945.8161,0.0,919.0848,919.0848,PASS
SILVERM,15m,2026-08-25 12:15:00,252236.3118,252236.3118,0.0,848.904,848.904,PASS
SILVERM,15m,2026-08-25 12:30:00,252236.3118,252236.3118,0.0,842.2534,842.2534,PASS
SILVERM,15m,2026-08-25 12:45:00,252236.3118,252236.3118,0.0,784.5445,784.5445,PASS
SILVERM,15m,2026-08-25 13:00:00,252236.3118,252236.3118,0.0,767.6204,767.6204,PASS
SILVERM,15m,2026-08-25 13:15:00,252236.3118,252236.3118,0.0,729.3503,729.3503,PASS
SILVERM,15m,2026-08-25 13:30:00,252236.3118,252236.3118,0.0,739.4586,739.4586,PASS
SILVERM,15m,2026-08-25 13:45:00,252107.6083,252107.6083,0.0,744.5488,744.5488,PASS
SILVERM,15m,2026-08-25 14:00:00,252107.6083,252107.6083,0.0,796.2907,796.2907,PASS
SILVERM,15m,2026-08-25 14:15:00,252107.6083,252107.6083,0.0,797.7422,797.7422,PASS
SILVERM,15m,2026-08-25 14:30:00,251985.7083,251985.7083,0.0,759.7852,759.7852,PASS
SILVERM,15m,2026-08-25 14:45:00,251891.3101,251891.3101,0.0,762.321,762.321,PASS
SILVERM,15m,2026-08-25 15:00:00,251556.8592,251556.8592,0.0,738.6008,738.6008,PASS
SILVERM,15m,2026-08-25 15:15:00,251556.8592,251556.8592,0.0,787.5007,787.5007,PASS
SILVERM,15m,2026-08-25 15:30:00,251556.8592,251556.8592,0.0,740.4172,740.4172,PASS
SILVERM,15m,2026-08-25 15:45:00,251556.8592,251556.8592,0.0,687.0144,687.0144,PASS
SILVERM,15m,2026-08-25 16:00:00,251556.8592,251556.8592,0.0,623.6786,623.6786,PASS
SILVERM,15m,2026-08-25 16:15:00,251556.8592,251556.8592,0.0,554.0655,554.0655,PASS
SILVERM,15m,2026-08-25 16:30:00,251478.5782,251478.5782,0.0,508.7213,508.7213,PASS
SILVERM,15m,2026-08-25 16:45:00,251478.5782,251478.5782,0.0,513.1011,513.1011,PASS
SILVERM,15m,2026-08-25 17:00:00,251478.5782,251478.5782,0.0,468.5842,468.5842,PASS
SILVERM,15m,2026-08-25 17:15:00,251478.5782,251478.5782,0.0,466.8202,466.8202,PASS
SILVERM,15m,2026-08-25 17:30:00,251478.5782,251478.5782,0.0,478.1835,478.1835,PASS
SILVERM,15m,2026-08-25 17:45:00,251478.5782,251478.5782,0.0,501.8196,501.8196,PASS
SILVERM,15m,2026-08-25 18:00:00,251478.5782,251478.5782,0.0,492.183,492.183,PASS
SILVERM,15m,2026-08-25 18:15:00,251478.5782,251478.5782,0.0,487.9858,487.9858,PASS
SILVERM,15m,2026-08-25 18:30:00,251478.5782,251478.5782,0.0,486.8215,486.8215,PASS
SILVERM,15m,2026-08-25 18:45:00,251249.4721,251249.4721,0.0,671.3513,671.3513,PASS
SILVERM,15m,2026-08-25 19:00:00,250779.5035,250779.5035,0.0,709.6261,709.6261,PASS
SILVERM,15m,2026-08-25 19:15:00,250580.869,250580.869,0.0,728.0217,728.0217,PASS
SILVERM,15m,2026-08-25 19:30:00,250580.869,250580.869,0.0,711.6848,711.6848,PASS
SILVERM,15m,2026-08-25 19:45:00,250580.869,250580.869,0.0,723.2373,723.2373,PASS
SILVERM,15m,2026-08-25 20:00:00,250580.869,250580.869,0.0,717.8644,717.8644,PASS
SILVERM,15m,2026-08-25 20:15:00,250580.869,250580.869,0.0,775.887,775.887,PASS
SILVERM,15m,2026-08-25 20:30:00,250580.869,250580.869,0.0,727.2392,727.2392,PASS
SILVERM,15m,2026-08-25 20:45:00,250675.5397,250675.5397,0.0,672.6993,672.6993,PASS
SILVERM,15m,2026-08-25 21:00:00,251155.0413,251155.0413,0.0,743.7494,743.7494,PASS
SILVERM,15m,2026-08-25 21:15:00,252038.8564,252038.8564,0.0,800.1245,800.1245,PASS
SILVERM,15m,2026-08-25 21:30:00,252414.1795,252414.1795,0.0,783.1038,783.1038,PASS
SILVERM,15m,2026-08-25 21:45:00,252414.1795,252414.1795,0.0,829.0865,829.0865,PASS
SILVERM,15m,2026-08-25 22:00:00,252414.1795,252414.1795,0.0,798.4054,798.4054,PASS
SILVERM,15m,2026-08-25 22:15:00,252414.1795,252414.1795,0.0,744.6712,744.6712,PASS
SILVERM,15m,2026-08-25 22:30:00,252414.1795,252414.1795,0.0,698.226,698.226,PASS
SILVERM,15m,2026-08-25 22:45:00,252414.1795,252414.1795,0.0,642.355,642.355,PASS
SILVERM,15m,2026-08-25 23:00:00,252414.1795,252414.1795,0.0,620.7958,620.7958,PASS
SILVERM,15m,2026-08-25 23:15:00,252414.1795,252414.1795,0.0,579.1632,579.1632,PASS
SILVERM,15m,2026-08-25 23:30:00,252574.8066,252574.8066,0.0,555.4693,555.4693,PASS
SILVERM,15m,2026-08-26 09:15:00,253260.6475,253260.6475,0.0,776.2244,776.2244,PASS
SILVERM,15m,2026-08-26 09:30:00,253376.4493,253376.4493,0.0,728.3537,728.3537,PASS
SILVERM,15m,2026-08-26 09:45:00,253676.8736,253676.8736,0.0,681.9614,681.9614,PASS
SILVERM,15m,2026-08-26 10:00:00,253676.8736,253676.8736,0.0,624.1345,624.1345,PASS
SILVERM,15m,2026-08-26 10:15:00,253807.4801,253807.4801,0.0,603.9454,603.9454,PASS
SILVERM,15m,2026-08-26 10:30:00,253807.4801,253807.4801,0.0,567.9545,567.9545,PASS
SILVERM,15m,2026-08-26 10:45:00,253820.3651,253820.3651,0.0,535.7954,535.7954,PASS
SILVERM,15m,2026-08-26 11:00:00,254025.0976,254025.0976,0.0,507.9962,507.9962,PASS
SILVERM,15m,2026-08-26 11:15:00,254025.0976,254025.0976,0.0,531.8302,531.8302,PASS
SILVERM,15m,2026-08-26 11:30:00,254025.0976,254025.0976,0.0,493.6918,493.6918,PASS
SILVERM,15m,2026-08-26 11:45:00,254025.0976,254025.0976,0.0,502.0765,502.0765,PASS
SILVERM,15m,2026-08-26 12:00:00,253998.073,253998.073,0.0,613.5638,613.5638,PASS
SILVERM,15m,2026-08-26 12:15:00,253998.073,253998.073,0.0,662.4698,662.4698,PASS
SILVERM,15m,2026-08-26 12:30:00,253998.073,253998.073,0.0,652.2248,652.2248,PASS
SILVERM,15m,2026-08-26 12:45:00,253998.073,253998.073,0.0,626.1874,626.1874,PASS
SILVERM,15m,2026-08-26 13:00:00,253998.073,253998.073,0.0,588.4895,588.4895,PASS
SILVERM,15m,2026-08-26 13:15:00,253998.073,253998.073,0.0,536.9079,536.9079,PASS
SILVERM,15m,2026-08-26 13:30:00,253922.8147,253922.8147,0.0,554.5899,554.5899,PASS
SILVERM,15m,2026-08-26 13:45:00,253642.0114,253642.0114,0.0,527.1583,527.1583,PASS
SILVERM,15m,2026-08-26 14:00:00,253444.0955,253444.0955,0.0,569.2985,569.2985,PASS
SILVERM,15m,2026-08-26 14:15:00,253444.0955,253444.0955,0.0,561.0821,561.0821,PASS
SILVERM,15m,2026-08-26 14:30:00,253387.3695,253387.3695,0.0,513.2351,513.2351,PASS
SILVERM,15m,2026-08-26 14:45:00,253149.0803,253149.0803,0.0,565.5293,565.5293,PASS
SILVERM,15m,2026-08-26 15:00:00,252739.4584,252739.4584,0.0,554.441,554.441,PASS
SILVERM,15m,2026-08-26 15:15:00,252739.4584,252739.4584,0.0,561.2009,561.2009,PASS
SILVERM,15m,2026-08-26 15:30:00,252739.4584,252739.4584,0.0,529.1674,529.1674,PASS
SILVERM,15m,2026-08-26 15:45:00,252739.4584,252739.4584,0.0,578.3062,578.3062,PASS
SILVERM,15m,2026-08-26 16:00:00,252650.7542,252650.7542,0.0,510.2551,510.2551,PASS
SILVERM,15m,2026-08-26 16:15:00,252650.7542,252650.7542,0.0,515.3793,515.3793,PASS
SILVERM,15m,2026-08-26 16:30:00,252496.8494,252496.8494,0.0,550.9827,550.9827,PASS
SILVERM,15m,2026-08-26 16:45:00,252419.4794,252419.4794,0.0,529.4856,529.4856,PASS
SILVERM,15m,2026-08-26 17:00:00,252419.4794,252419.4794,0.0,539.4047,539.4047,PASS
SILVERM,15m,2026-08-26 17:15:00,252419.4794,252419.4794,0.0,573.0039,573.0039,PASS
SILVERM,15m,2026-08-26 17:30:00,252419.4794,252419.4794,0.0,585.5032,585.5032,PASS
SILVERM,15m,2026-08-26 17:45:00,252419.4794,252419.4794,0.0,591.7527,591.7527,PASS
SILVERM,15m,2026-08-26 18:00:00,252761.3924,252761.3924,0.0,612.9606,612.9606,PASS
SILVERM,15m,2026-08-26 18:15:00,252761.3924,252761.3924,0.0,732.9672,732.9672,PASS
SILVERM,15m,2026-08-26 18:30:00,252761.3924,252761.3924,0.0,809.306,809.306,PASS
SILVERM,15m,2026-08-26 18:45:00,252317.5368,252317.5368,0.0,871.4216,871.4216,PASS
SILVERM,15m,2026-08-26 19:00:00,252124.6708,252124.6708,0.0,891.3514,891.3514,PASS
SILVERM,15m,2026-08-26 19:15:00,252124.6708,252124.6708,0.0,855.1261,855.1261,PASS
SILVERM,15m,2026-08-26 19:30:00,252124.6708,252124.6708,0.0,791.6051,791.6051,PASS
SILVERM,15m,2026-08-26 19:45:00,252124.6708,252124.6708,0.0,786.0043,786.0043,PASS
SILVERM,15m,2026-08-26 20:00:00,252124.6708,252124.6708,0.0,797.0036,797.0036,PASS
SILVERM,15m,2026-08-26 20:15:00,252124.6708,252124.6708,0.0,747.503,747.503,PASS
SILVERM,15m,2026-08-26 20:30:00,251488.006,251488.006,0.0,841.5858,841.5858,PASS
SILVERM,15m,2026-08-26 20:45:00,250583.1248,250583.1248,0.0,936.1548,936.1548,PASS
SILVERM,15m,2026-08-26 21:00:00,250583.1248,250583.1248,0.0,1013.7957,1013.7957,PASS
SILVERM,15m,2026-08-26 21:15:00,250583.1248,250583.1248,0.0,924.4964,924.4964,PASS
SILVERM,15m,2026-08-26 21:30:00,250583.1248,250583.1248,0.0,909.0803,909.0803,PASS
SILVERM,15m,2026-08-26 21:45:00,250583.1248,250583.1248,0.0,869.7336,869.7336,PASS
SILVERM,15m,2026-08-26 22:00:00,250583.1248,250583.1248,0.0,788.1113,788.1113,PASS
SILVERM,15m,2026-08-26 22:15:00,250583.1248,250583.1248,0.0,749.4261,749.4261,PASS
SILVERM,15m,2026-08-26 22:30:00,250418.9134,250418.9134,0.0,739.1884,739.1884,PASS
SILVERM,15m,2026-08-26 22:45:00,250334.8187,250334.8187,0.0,681.4904,681.4904,PASS
SILVERM,15m,2026-08-26 23:00:00,250163.3057,250163.3057,0.0,660.9086,660.9086,PASS
SILVERM,15m,2026-08-26 23:15:00,249537.2389,249537.2389,0.0,738.4239,738.4239,PASS
SILVERM,15m,2026-08-26 23:30:00,248805.2356,248805.2356,0.0,793.5199,793.5199,PASS
SILVERM,15m,2026-08-27 09:15:00,248805.2356,248805.2356,0.0,1361.0999,1361.0999,PASS
SILVERM,15m,2026-08-27 09:30:00,248805.2356,248805.2356,0.0,1376.2499,1376.2499,PASS
SILVERM,15m,2026-08-27 09:45:00,248805.2356,248805.2356,0.0,1219.0416,1219.0416,PASS
SILVERM,15m,2026-08-27 10:00:00,248805.2356,248805.2356,0.0,1683.0347,1683.0347,PASS
SILVERM,15m,2026-08-27 10:15:00,248805.2356,248805.2356,0.0,1664.0289,1664.0289,PASS
SILVERM,15m,2026-08-27 10:30:00,248805.2356,248805.2356,0.0,1817.5241,1817.5241,PASS
SILVERM,15m,2026-08-27 10:45:00,248805.2356,248805.2356,0.0,1680.4367,1680.4367,PASS
SILVERM,15m,2026-08-27 11:00:00,248805.2356,248805.2356,0.0,1554.8639,1554.8639,PASS
SILVERM,15m,2026-08-27 11:15:00,248805.2356,248805.2356,0.0,1487.3866,1487.3866,PASS
SILVERM,15m,2026-08-27 11:30:00,248805.2356,248805.2356,0.0,1356.9888,1356.9888,PASS
SILVERM,15m,2026-08-27 11:45:00,248805.2356,248805.2356,0.0,1251.1574,1251.1574,PASS
SILVERM,15m,2026-08-27 12:00:00,248805.2356,248805.2356,0.0,1205.1311,1205.1311,PASS
SILVERM,15m,2026-08-27 12:15:00,248805.2356,248805.2356,0.0,1074.9426,1074.9426,PASS
SILVERM,15m,2026-08-27 12:30:00,248805.2356,248805.2356,0.0,987.2855,987.2855,PASS
SILVERM,15m,2026-08-27 12:45:00,248805.2356,248805.2356,0.0,895.5713,895.5713,PASS
SILVERM,15m,2026-08-27 13:00:00,248805.2356,248805.2356,0.0,831.3094,831.3094,PASS
SILVERM,15m,2026-08-27 13:15:00,248805.2356,248805.2356,0.0,820.5912,820.5912,PASS
SILVERM,15m,2026-08-27 13:30:00,248805.2356,248805.2356,0.0,747.1593,747.1593,PASS
SILVERM,15m,2026-08-27 13:45:00,248805.2356,248805.2356,0.0,704.9661,704.9661,PASS
SILVERM,15m,2026-08-27 14:00:00,248805.2356,248805.2356,0.0,661.1384,661.1384,PASS
SILVERM,15m,2026-08-27 14:15:00,248805.2356,248805.2356,0.0,642.782,642.782,PASS
SILVERM,15m,2026-08-27 14:30:00,248805.2356,248805.2356,0.0,632.1517,632.1517,PASS
SILVERM,15m,2026-08-27 14:45:00,248805.2356,248805.2356,0.0,633.2931,633.2931,PASS
SILVERM,15m,2026-08-27 15:00:00,248805.2356,248805.2356,0.0,576.9109,576.9109,PASS
SILVERM,15m,2026-08-27 15:15:00,248805.2356,248805.2356,0.0,572.9257,572.9257,PASS
SILVERM,15m,2026-08-27 15:30:00,248638.2439,248638.2439,0.0,591.9381,591.9381,PASS
SILVERM,15m,2026-08-27 15:45:00,248638.2439,248638.2439,0.0,651.6151,651.6151,PASS
SILVERM,15m,2026-08-27 16:00:00,248638.2439,248638.2439,0.0,616.5126,616.5126,PASS
SILVERM,15m,2026-08-27 16:15:00,248638.2439,248638.2439,0.0,655.7605,655.7605,PASS
SILVERM,15m,2026-08-27 16:30:00,248638.2439,248638.2439,0.0,619.3004,619.3004,PASS
SILVERM,15m,2026-08-27 16:45:00,248638.2439,248638.2439,0.0,586.2503,586.2503,PASS
SILVERM,15m,2026-08-27 17:00:00,248638.2439,248638.2439,0.0,524.7086,524.7086,PASS
SILVERM,15m,2026-08-27 17:15:00,248638.2439,248638.2439,0.0,527.2572,527.2572,PASS
SILVERM,15m,2026-08-27 17:30:00,248638.2439,248638.2439,0.0,526.881,526.881,PASS
SILVERM,15m,2026-08-27 17:45:00,248637.4108,248637.4108,0.0,494.2342,494.2342,PASS
SILVERM,15m,2026-08-27 18:00:00,248637.4108,248637.4108,0.0,510.5285,510.5285,PASS
SILVERM,15m,2026-08-27 18:15:00,248191.3936,248191.3936,0.0,618.607,618.607,PASS
SILVERM,15m,2026-08-27 18:30:00,248037.3973,248037.3973,0.0,659.5059,659.5059,PASS
SILVERM,15m,2026-08-27 18:45:00,248037.3973,248037.3973,0.0,719.5882,719.5882,PASS
SILVERM,15m,2026-08-27 19:00:00,248037.3973,248037.3973,0.0,747.4902,747.4902,PASS
SILVERM,15m,2026-08-27 19:15:00,248037.3973,248037.3973,0.0,849.7418,849.7418,PASS
SILVERM,15m,2026-08-27 19:30:00,248037.3973,248037.3973,0.0,848.9515,848.9515,PASS
SILVERM,15m,2026-08-27 19:45:00,248037.3973,248037.3973,0.0,799.7929,799.7929,PASS
SILVERM,15m,2026-08-27 20:00:00,248037.3973,248037.3973,0.0,747.6608,747.6608,PASS
SILVERM,15m,2026-08-27 20:15:00,248037.3973,248037.3973,0.0,771.5506,771.5506,PASS
SILVERM,15m,2026-08-27 20:30:00,248037.3973,248037.3973,0.0,830.1255,830.1255,PASS
SILVERM,15m,2026-08-27 20:45:00,248037.3973,248037.3973,0.0,765.6046,765.6046,PASS
SILVERM,15m,2026-08-27 21:00:00,248037.3973,248037.3973,0.0,743.5038,743.5038,PASS
SILVERM,15m,2026-08-27 21:15:00,248281.1314,248281.1314,0.0,827.5865,827.5865,PASS
SILVERM,15m,2026-08-27 21:30:00,249253.8154,249253.8154,0.0,905.9888,905.9888,PASS
SILVERM,15m,2026-08-27 21:45:00,249253.8154,249253.8154,0.0,970.1573,970.1573,PASS
SILVERM,15m,2026-08-27 22:00:00,249253.8154,249253.8154,0.0,947.9644,947.9644,PASS
SILVERM,15m,2026-08-27 22:15:00,249253.8154,249253.8154,0.0,906.3037,906.3037,PASS
SILVERM,15m,2026-08-27 22:30:00,249253.8154,249253.8154,0.0,836.9197,836.9197,PASS
SILVERM,15m,2026-08-27 22:45:00,249253.8154,249253.8154,0.0,822.2665,822.2665,PASS
SILVERM,15m,2026-08-27 23:00:00,249253.8154,249253.8154,0.0,736.8887,736.8887,PASS
SILVERM,15m,2026-08-27 23:15:00,249253.8154,249253.8154,0.0,670.7406,670.7406,PASS
SILVERM,15m,2026-08-27 23:30:00,249253.8154,249253.8154,0.0,627.1172,627.1172,PASS
SILVERM,15m,2026-08-28 09:15:00,249135.9544,249135.9544,0.0,771.7643,771.7643,PASS
SILVERM,15m,2026-08-28 09:30:00,248789.129,248789.129,0.0,694.3036,694.3036,PASS
SILVERM,15m,2026-08-28 09:45:00,248789.129,248789.129,0.0,678.4197,678.4197,PASS
SILVERM,15m,2026-08-28 10:00:00,248789.129,248789.129,0.0,631.3497,631.3497,PASS
SILVERM,15m,2026-08-28 10:15:00,248770.8977,248770.8977,0.0,594.4581,594.4581,PASS
SILVERM,15m,2026-08-28 10:30:00,248770.8977,248770.8977,0.0,630.2151,630.2151,PASS
SILVERM,15m,2026-08-28 10:45:00,248770.8977,248770.8977,0.0,626.6792,626.6792,PASS
SILVERM,15m,2026-08-28 11:00:00,248770.8977,248770.8977,0.0,590.7327,590.7327,PASS
SILVERM,15m,2026-08-28 11:15:00,248677.5828,248677.5828,0.0,580.6106,580.6106,PASS
SILVERM,15m,2026-08-28 11:30:00,248677.5828,248677.5828,0.0,552.6755,552.6755,PASS
SILVERM,15m,2026-08-28 11:45:00,248677.5828,248677.5828,0.0,585.0629,585.0629,PASS
SILVERM,15m,2026-08-28 12:00:00,248677.5828,248677.5828,0.0,649.3858,649.3858,PASS
SILVERM,15m,2026-08-28 12:15:00,248677.5828,248677.5828,0.0,657.3215,657.3215,PASS
SILVERM,15m,2026-08-28 12:30:00,250098.1067,250098.1067,0.0,937.6012,937.6012,PASS
SILVERM,15m,2026-08-28 12:45:00,250642.2915,250642.2915,0.0,959.1677,959.1677,PASS
SILVERM,15m,2026-08-28 13:00:00,251265.0592,251265.0592,0.0,1000.4731,1000.4731,PASS
SILVERM,15m,2026-08-28 13:15:00,251638.5232,251638.5232,0.0,1057.3942,1057.3942,PASS
SILVERM,15m,2026-08-28 13:30:00,252073.2892,252073.2892,0.0,964.4952,964.4952,PASS
SILVERM,15m,2026-08-28 13:45:00,252073.2892,252073.2892,0.0,933.4127,933.4127,PASS
SILVERM,15m,2026-08-28 14:00:00,252073.2892,252073.2892,0.0,892.6772,892.6772,PASS
SILVERM,15m,2026-08-28 14:15:00,252073.2892,252073.2892,0.0,909.0643,909.0643,PASS
SILVERM,15m,2026-08-28 14:30:00,252073.2892,252073.2892,0.0,935.2203,935.2203,PASS
SILVERM,15m,2026-08-28 14:45:00,252073.2892,252073.2892,0.0,865.6836,865.6836,PASS
SILVERM,15m,2026-08-28 15:00:00,252073.2892,252073.2892,0.0,795.903,795.903,PASS
SILVERM,15m,2026-08-28 15:15:00,252073.2892,252073.2892,0.0,761.2525,761.2525,PASS
SILVERM,15m,2026-08-28 15:30:00,252073.2892,252073.2892,0.0,682.0437,682.0437,PASS
SILVERM,15m,2026-08-28 15:45:00,252128.5144,252128.5144,0.0,706.8698,706.8698,PASS
SILVERM,15m,2026-08-28 16:00:00,252128.5144,252128.5144,0.0,682.3915,682.3915,PASS
SILVERM,15m,2026-08-28 16:15:00,252128.5144,252128.5144,0.0,611.9929,611.9929,PASS
SILVERM,15m,2026-08-28 16:30:00,252128.5144,252128.5144,0.0,601.8274,601.8274,PASS
SILVERM,15m,2026-08-28 16:45:00,252128.5144,252128.5144,0.0,592.3562,592.3562,PASS
SILVERM,15m,2026-08-28 17:00:00,252128.5144,252128.5144,0.0,549.7968,549.7968,PASS
SILVERM,15m,2026-08-28 17:15:00,252128.5144,252128.5144,0.0,529.8307,529.8307,PASS
SILVERM,15m,2026-08-28 17:30:00,252128.5144,252128.5144,0.0,525.6922,525.6922,PASS
SILVERM,15m,2026-08-28 17:45:00,252128.5144,252128.5144,0.0,562.7435,562.7435,PASS
SILVERM,15m,2026-08-28 18:00:00,252513.661,252513.661,0.0,678.2863,678.2863,PASS
SILVERM,15m,2026-08-28 18:15:00,252524.3016,252524.3016,0.0,705.0719,705.0719,PASS
SILVERM,15m,2026-08-28 18:30:00,252858.3267,252858.3267,0.0,702.5599,702.5599,PASS
SILVERM,15m,2026-08-28 18:45:00,252858.3267,252858.3267,0.0,704.9666,704.9666,PASS
SILVERM,15m,2026-08-28 19:00:00,252858.3267,252858.3267,0.0,709.6388,709.6388,PASS
SILVERM,15m,2026-08-28 19:15:00,252858.3267,252858.3267,0.0,687.8657,687.8657,PASS
SILVERM,15m,2026-08-28 19:30:00,252858.3267,252858.3267,0.0,758.5547,758.5547,PASS
SILVERM,15m,2026-08-28 19:45:00,252306.0785,252306.0785,0.0,1372.129,1372.129,PASS
SILVERM,15m,2026-08-28 20:00:00,251150.963,251150.963,0.0,1613.7741,1613.7741,PASS
SILVERM,15m,2026-08-28 20:15:00,251150.963,251150.963,0.0,1674.6451,1674.6451,PASS
SILVERM,15m,2026-08-28 20:30:00,251150.963,251150.963,0.0,1649.7043,1649.7043,PASS
SILVERM,15m,2026-08-28 20:45:00,251150.963,251150.963,0.0,1564.5869,1564.5869,PASS
SILVERM,15m,2026-08-28 21:00:00,251150.963,251150.963,0.0,1436.6557,1436.6557,PASS
SILVERM,15m,2026-08-28 21:15:00,251150.963,251150.963,0.0,1454.2131,1454.2131,PASS
SILVERM,15m,2026-08-28 21:30:00,249816.586,249816.586,0.0,1549.8443,1549.8443,PASS
SILVERM,15m,2026-08-28 21:45:00,248477.5553,248477.5553,0.0,1545.8702,1545.8702,PASS
SILVERM,15m,2026-08-28 22:00:00,247156.6415,247156.6415,0.0,1742.3918,1742.3918,PASS
SILVERM,15m,2026-08-28 22:15:00,245418.4049,245418.4049,0.0,1813.3265,1813.3265,PASS
SILVERM,15m,2026-08-28 22:30:00,245418.4049,245418.4049,0.0,1825.6054,1825.6054,PASS
SILVERM,15m,2026-08-28 22:45:00,245418.4049,245418.4049,0.0,1695.6712,1695.6712,PASS
SILVERM,15m,2026-08-28 23:00:00,245418.4049,245418.4049,0.0,1614.8927,1614.8927,PASS
SILVERM,15m,2026-08-28 23:15:00,245418.4049,245418.4049,0.0,1525.2439,1525.2439,PASS
SILVERM,15m,2026-08-28 23:30:00,245418.4049,245418.4049,0.0,1334.3699,1334.3699,PASS
SILVERM,15m,SUMMARY,,,0,,,PASS
SILVERM,1h,2026-08-24 10:00:00,254565.0,254565.0,0.0,,,PASS
SILVERM,1h,2026-08-24 11:00:00,254565.0,254565.0,0.0,,,PASS
SILVERM,1h,2026-08-24 12:00:00,254565.0,254565.0,0.0,,,PASS
SILVERM,1h,2026-08-24 13:00:00,254565.0,254565.0,0.0,,,PASS
SILVERM,1h,2026-08-24 14:00:00,254565.0,254565.0,0.0,,,PASS
SILVERM,1h,2026-08-24 15:00:00,254565.0,254565.0,0.0,1250.3333,1250.3333,PASS
SILVERM,1h,2026-08-24 16:00:00,254565.0,254565.0,0.0,1231.4444,1231.4444,PASS
SILVERM,1h,2026-08-24 17:00:00,254565.0,254565.0,0.0,1159.7037,1159.7037,PASS
SILVERM,1h,2026-08-24 18:00:00,254565.0,254565.0,0.0,1164.9198,1164.9198,PASS
SILVERM,1h,2026-08-24 19:00:00,255470.5288,255470.5288,0.0,1312.4331,1312.4331,PASS
SILVERM,1h,2026-08-24 20:00:00,255470.5288,255470.5288,0.0,1534.8609,1534.8609,PASS
SILVERM,1h,2026-08-24 21:00:00,255470.5288,255470.5288,0.0,1463.8841,1463.8841,PASS
SILVERM,1h,2026-08-24 22:00:00,255470.5288,255470.5288,0.0,1550.7368,1550.7368,PASS
SILVERM,1h,2026-08-24 23:00:00,255287.7853,255287.7853,0.0,1602.2806,1602.2806,PASS
SILVERM,1h,2026-08-25 00:00:00,254252.2085,254252.2085,0.0,1547.4005,1547.4005,PASS
SILVERM,1h,2026-08-25 10:00:00,252836.6822,252836.6822,0.0,1564.5004,1564.5004,PASS
SILVERM,1h,2026-08-25 11:00:00,252836.6822,252836.6822,0.0,1728.5837,1728.5837,PASS
SILVERM,1h,2026-08-25 12:00:00,252836.6822,252836.6822,0.0,1745.9864,1745.9864,PASS
SILVERM,1h,2026-08-25 13:00:00,252836.6822,252836.6822,0.0,1690.322,1690.322,PASS
SILVERM,1h,2026-08-25 14:00:00,252836.6822,252836.6822,0.0,1665.435,1665.435,PASS
SILVERM,1h,2026-08-25 15:00:00,252584.8491,252584.8491,0.0,1630.3625,1630.3625,PASS
SILVERM,1h,2026-08-25 16:00:00,252526.3101,252526.3101,0.0,1556.4688,1556.4688,PASS
SILVERM,1h,2026-08-25 17:00:00,252526.3101,252526.3101,0.0,1412.8906,1412.8906,PASS
SILVERM,1h,2026-08-25 18:00:00,252507.7516,252507.7516,0.0,1368.7422,1368.7422,PASS
SILVERM,1h,2026-08-25 19:00:00,251759.073,251759.073,0.0,1504.1185,1504.1185,PASS
SILVERM,1h,2026-08-25 20:00:00,251759.073,251759.073,0.0,1488.4321,1488.4321,PASS
SILVERM,1h,2026-08-25 21:00:00,251759.073,251759.073,0.0,1526.1934,1526.1934,PASS
SILVERM,1h,2026-08-25 22:00:00,251759.073,251759.073,0.0,1470.8278,1470.8278,PASS
SILVERM,1h,2026-08-25 23:00:00,251759.073,251759.073,0.0,1328.6899,1328.6899,PASS
SILVERM,1h,2026-08-26 00:00:00,251993.3117,251993.3117,0.0,1213.2416,1213.2416,PASS
SILVERM,1h,2026-08-26 10:00:00,252714.0797,252714.0797,0.0,1324.368,1324.368,PASS
SILVERM,1h,2026-08-26 11:00:00,253355.9194,253355.9194,0.0,1218.14,1218.14,PASS
SILVERM,1h,2026-08-26 12:00:00,253355.9194,253355.9194,0.0,1336.1166,1336.1166,PASS
SILVERM,1h,2026-08-26 13:00:00,253355.9194,253355.9194,0.0,1301.0972,1301.0972,PASS
SILVERM,1h,2026-08-26 14:00:00,253355.9194,253355.9194,0.0,1303.081,1303.081,PASS
SILVERM,1h,2026-08-26 15:00:00,253355.9194,253355.9194,0.0,1292.0675,1292.0675,PASS
SILVERM,1h,2026-08-26 16:00:00,253294.3657,253294.3657,0.0,1233.3896,1233.3896,PASS
SILVERM,1h,2026-08-26 17:00:00,253108.3466,253108.3466,0.0,1209.158,1209.158,PASS
SILVERM,1h,2026-08-26 18:00:00,253108.3466,253108.3466,0.0,1312.7983,1312.7983,PASS
SILVERM,1h,2026-08-26 19:00:00,253108.3466,253108.3466,0.0,1586.1653,1586.1653,PASS
SILVERM,1h,2026-08-26 20:00:00,253017.1532,253017.1532,0.0,1481.3044,1481.3044,PASS
SILVERM,1h,2026-08-26 21:00:00,252415.5656,252415.5656,0.0,1669.2537,1669.2537,PASS
SILVERM,1h,2026-08-26 22:00:00,251915.3111,251915.3111,0.0,1564.2114,1564.2114,PASS
SILVERM,1h,2026-08-26 23:00:00,251064.5312,251064.5312,0.0,1458.5095,1458.5095,PASS
SILVERM,1h,2026-08-27 00:00:00,249707.1714,249707.1714,0.0,1543.9246,1543.9246,PASS
SILVERM,1h,2026-08-27 10:00:00,249030.2619,249030.2619,0.0,2336.2705,2336.2705,PASS
SILVERM,1h,2026-08-27 11:00:00,249030.2619,249030.2619,0.0,2579.3921,2579.3921,PASS
SILVERM,1h,2026-08-27 12:00:00,249030.2619,249030.2619,0.0,2382.8267,2382.8267,PASS
SILVERM,1h,2026-08-27 13:00:00,249030.2619,249030.2619,0.0,2141.0223,2141.0223,PASS
SILVERM,1h,2026-08-27 14:00:00,249030.2619,249030.2619,0.0,2002.8519,2002.8519,PASS
SILVERM,1h,2026-08-27 15:00:00,249030.2619,249030.2619,0.0,1796.0432,1796.0432,PASS
SILVERM,1h,2026-08-27 16:00:00,249030.2619,249030.2619,0.0,1741.2027,1741.2027,PASS
SILVERM,1h,2026-08-27 17:00:00,249030.2619,249030.2619,0.0,1593.0023,1593.0023,PASS
SILVERM,1h,2026-08-27 18:00:00,249030.2619,249030.2619,0.0,1475.6685,1475.6685,PASS
SILVERM,1h,2026-08-27 19:00:00,249030.2619,249030.2619,0.0,1487.2238,1487.2238,PASS
SILVERM,1h,2026-08-27 20:00:00,249030.2619,249030.2619,0.0,1475.0198,1475.0198,PASS
SILVERM,1h,2026-08-27 21:00:00,249030.2619,249030.2619,0.0,1439.1832,1439.1832,PASS
SILVERM,1h,2026-08-27 22:00:00,249030.2619,249030.2619,0.0,1588.6527,1588.6527,PASS
SILVERM,1h,2026-08-27 23:00:00,249030.2619,249030.2619,0.0,1476.5439,1476.5439,PASS
SILVERM,1h,2026-08-28 00:00:00,249030.2619,249030.2619,0.0,1298.6199,1298.6199,PASS
SILVERM,1h,2026-08-28 10:00:00,249030.2619,249030.2619,0.0,1331.3499,1331.3499,PASS
SILVERM,1h,2026-08-28 11:00:00,249030.2619,249030.2619,0.0,1244.2916,1244.2916,PASS
SILVERM,1h,2026-08-28 12:00:00,249030.2619,249030.2619,0.0,1289.9097,1289.9097,PASS
SILVERM,1h,2026-08-28 13:00:00,249765.0336,249765.0336,0.0,1700.0914,1700.0914,PASS
SILVERM,1h,2026-08-28 14:00:00,250850.5402,250850.5402,0.0,1664.9095,1664.9095,PASS
SILVERM,1h,2026-08-28 15:00:00,250959.3272,250959.3272,0.0,1572.0912,1572.0912,PASS
SILVERM,1h,2026-08-28 16:00:00,251308.6466,251308.6466,0.0,1461.9094,1461.9094,PASS
SILVERM,1h,2026-08-28 17:00:00,251308.6466,251308.6466,0.0,1341.5911,1341.5911,PASS
SILVERM,1h,2026-08-28 18:00:00,251796.2364,251796.2364,0.0,1415.3259,1415.3259,PASS
SILVERM,1h,2026-08-28 19:00:00,252163.5946,252163.5946,0.0,1346.105,1346.105,PASS
SILVERM,1h,2026-08-28 20:00:00,252163.5946,252163.5946,0.0,2133.7541,2133.7541,PASS
SILVERM,1h,2026-08-28 21:00:00,252163.5946,252163.5946,0.0,2166.2951,2166.2951,PASS
SILVERM,1h,2026-08-28 22:00:00,249253.2819,249253.2819,0.0,2892.4126,2892.4126,PASS
SILVERM,1h,2026-08-28 23:00:00,247369.9505,247369.9505,0.0,2784.1772,2784.1772,PASS
SILVERM,1h,2026-08-29 00:00:00,246510.9536,246510.9536,0.0,2499.6476,2499.6476,PASS
SILVERM,1h,SUMMARY,,,0,,,PASS
