instrument,strategy,night,position_id,side_end_of_day,entry_px_end_of_day,scheduled_signal_exit,side_first_bar_next_day_input,side_first_bar_next_day_output,carried_entry_px_next,carried(pre_side),same_trade_entry,A_result
GOLDM,gold_01,2026-08-24 -> 2026-08-25,3e2285c6-fc29-40f5-bcca-0ae08d080766,SHORT,162340.0,False,SHORT,SHORT,162340.0,True,True,PASS
GOLDM,gold_02,2026-08-24 -> 2026-08-25,c1dfb08d-89c6-401d-b478-c34ae076e08c,SHORT,162300.0,False,SHORT,SHORT,162300.0,True,True,PASS
GOLDM,gold_02,2026-08-25 -> 2026-08-26,754adc78-f8bc-4415-86ca-4c18b0db1654,SHORT,161449.0,False,SHORT,SHORT,161449.0,True,True,PASS
SILVERM,silver_01,2026-08-24 -> 2026-08-25,79391492-62e2-4ce2-aab8-7a1c9f46f90b,SHORT,255397.0,False,SHORT,SHORT,255397.0,True,True,PASS
SILVERM,silver_01,2026-08-25 -> 2026-08-26,602be540-eab1-4ebe-93e2-0c4ea3940c14,LONG,252149.0,False,LONG,LONG,252149.0,True,True,PASS
SILVERM,silver_01,2026-08-27 -> 2026-08-28,ab0d9c28-3109-4891-992b-816893ad7d31,LONG,249750.0,False,LONG,LONG,249750.0,True,True,PASS
SILVERM,silver_02,2026-08-24 -> 2026-08-25,760bf9e9-b474-4ddd-abe3-58b0e40872b4,SHORT,255397.0,False,SHORT,SHORT,255397.0,True,True,PASS
SILVERM,silver_02,2026-08-25 -> 2026-08-26,285c4edf-c6a2-4c62-882e-73d2e2414092,LONG,251897.0,False,LONG,LONG,251897.0,True,True,PASS
SILVERM,silver_02,2026-08-27 -> 2026-08-28,ed6b73b4-2952-445c-b742-19f993a2a164,LONG,249750.0,False,LONG,LONG,249750.0,True,True,PASS
GOLDM,gold_01,SHORT,3e2285c6-fc29-40f5-bcca-0ae08d080766,2026-08-24,2026-08-25,1,162340.0,162426.0,1,10.0,-860.0,-860.0,313.01,313.01,-1173.01,-1173.01,long_reversal,PASS
GOLDM,gold_02,SHORT,c1dfb08d-89c6-401d-b478-c34ae076e08c,2026-08-24,2026-08-25,1,162300.0,162452.0,1,10.0,-1520.0,-1520.0,312.97,312.97,-1832.97,-1832.97,long_reversal,PASS
GOLDM,gold_02,SHORT,754adc78-f8bc-4415-86ca-4c18b0db1654,2026-08-25,2026-08-26,1,161449.0,161771.0,1,10.0,-3220.0,-3220.0,311.63,311.63,-3531.63,-3531.63,stop_loss_hit,PASS
SILVERM,silver_01,SHORT,79391492-62e2-4ce2-aab8-7a1c9f46f90b,2026-08-24,2026-08-25,1,255397.0,253001.0,1,5.0,11980.0,11980.0,255.89,255.89,11724.11,11724.11,long_reversal,PASS
SILVERM,silver_01,LONG,602be540-eab1-4ebe-93e2-0c4ea3940c14,2026-08-25,2026-08-26,1,252149.0,253167.0,1,5.0,5090.0,5090.0,254.28,254.28,4835.72,4835.72,short_reversal,PASS
SILVERM,silver_01,LONG,ab0d9c28-3109-4891-992b-816893ad7d31,2026-08-27,2026-08-28,1,249750.0,248098.0,1,5.0,-8260.0,-8260.0,250.56,250.56,-8510.56,-8510.56,short_reversal,PASS
SILVERM,silver_02,SHORT,760bf9e9-b474-4ddd-abe3-58b0e40872b4,2026-08-24,2026-08-25,1,255397.0,253001.0,1,5.0,11980.0,11980.0,255.89,255.89,11724.11,11724.11,long_reversal,PASS
SILVERM,silver_02,LONG,285c4edf-c6a2-4c62-882e-73d2e2414092,2026-08-25,2026-08-26,1,251897.0,253167.0,1,5.0,6350.0,6350.0,254.24,254.24,6095.76,6095.76,short_reversal,PASS
SILVERM,silver_02,LONG,ed6b73b4-2952-445c-b742-19f993a2a164,2026-08-27,2026-08-28,1,249750.0,248263.0,1,5.0,-7435.0,-7435.0,250.66,250.66,-7685.66,-7685.66,stop_loss_hit,PASS
