component,instrument,sub,rows,valid,first_ist,last_ist,bars,bars15,bars1h,bars_compared,mismatches,strategy,fill_id,bar_ist,bar_tf,side,qty,kind,reason,entry P&L-input(driver),price_saved,price_model,orders,fills,closed_trades,open_positions,entry_price,exit_price,multiplier,exit_reason,gross_expected,gross_saved,charges_expected,charges_saved,net_expected,net_saved,acct_realized,sum_own_nets,entry_day,exit_day,nights
input/raw,GOLDM,CSV-5m,870.0,PASS,2026-08-24 09:00,2026-08-28 23:25,,,,,,,,,,,,,,,,,,,,,,,,,,,,,,,,,,,
bars/5m,GOLDM,agg==first/max/min/last,,PASS,,,870.0,,,,,,,,,,,,,,,,,,,,,,,,,,,,,,,,,,
bars/15m+1h,GOLDM,agg of lower-TF members,,PASS,,,,290.0,75.0,,,,,,,,,,,,,,,,,,,,,,,,,,,,,,,,
indicator+map,GOLDM,per-bar engine vs independent DEMAATR+searchsorted,,PASS,,,,,,1150.0,0.0,,,,,,,,,,,,,,,,,,,,,,,,,,,,,,
order->fill,GOLDM,,,PASS,,,,,,,,gold_01,e8c5e57b,08-24 10:35,5m,BUY,1.0,entry,,entry,162012.0,162012.0,,,,,,,,,,,,,,,,,,,
order->fill,GOLDM,,,PASS,,,,,,,,gold_01,6618a743,08-24 11:00,5m,SELL,1.0,exit,stop_loss_hit,exit,161889.0,161889.0,,,,,,,,,,,,,,,,,,,
order->fill,GOLDM,,,PASS,,,,,,,,gold_01,6c5f3f80,08-24 11:20,5m,BUY,1.0,entry,,entry,162000.0,162000.0,,,,,,,,,,,,,,,,,,,
order->fill,GOLDM,,,PASS,,,,,,,,gold_01,7c093cde,08-24 13:45,5m,SELL,1.0,exit,stop_loss_hit,exit,161926.0,161926.0,,,,,,,,,,,,,,,,,,,
order->fill,GOLDM,,,PASS,,,,,,,,gold_01,a336fbfb,08-24 21:25,5m,SELL,1.0,entry,,entry,162340.0,162340.0,,,,,,,,,,,,,,,,,,,
order->fill,GOLDM,,,PASS,,,,,,,,gold_01,a2e03d9e,08-25 11:55,5m,BUY,1.0,exit,long_reversal,exit,162426.0,162426.0,,,,,,,,,,,,,,,,,,,
order->fill,GOLDM,,,PASS,,,,,,,,gold_01,cdf1a5b1,08-25 11:55,5m,BUY,1.0,entry,,entry,162440.0,162440.0,,,,,,,,,,,,,,,,,,,
order->fill,GOLDM,,,PASS,,,,,,,,gold_01,d86b3347,08-25 12:25,5m,SELL,1.0,exit,stop_loss_hit,exit,162081.0,162081.0,,,,,,,,,,,,,,,,,,,
order->fill,GOLDM,,,PASS,,,,,,,,gold_01,98d1bb63,08-25 21:05,5m,BUY,1.0,entry,,entry,162046.0,162046.0,,,,,,,,,,,,,,,,,,,
order->fill,GOLDM,,,PASS,,,,,,,,gold_01,edc38f92,08-25 22:05,5m,SELL,1.0,exit,short_reversal,exit,161650.0,161650.0,,,,,,,,,,,,,,,,,,,
order->fill,GOLDM,,,PASS,,,,,,,,gold_01,2a0d653e,08-25 22:05,5m,SELL,1.0,entry,stop_loss_hit,entry,161650.0,161650.0,,,,,,,,,,,,,,,,,,,
order->fill,GOLDM,,,PASS,,,,,,,,gold_01,381838c0,08-25 22:05,5m,BUY,1.0,exit,stop_loss_hit,exit,161870.0,161870.0,,,,,,,,,,,,,,,,,,,
order->fill,GOLDM,,,PASS,,,,,,,,gold_01,abaa2ee8,08-25 22:40,5m,SELL,1.0,entry,,entry,161450.0,161450.0,,,,,,,,,,,,,,,,,,,
order->fill,GOLDM,,,PASS,,,,,,,,gold_01,c8fbfe8c,08-25 23:25,5m,BUY,1.0,exit,stop_loss_hit,exit,161840.0,161840.0,,,,,,,,,,,,,,,,,,,
order->fill,GOLDM,,,PASS,,,,,,,,gold_01,3651f402,08-26 11:50,5m,SELL,1.0,entry,,entry,161437.0,161437.0,,,,,,,,,,,,,,,,,,,
order->fill,GOLDM,,,PASS,,,,,,,,gold_01,da4c0c29,08-26 17:50,5m,BUY,1.0,exit,long_reversal,exit,161450.0,161450.0,,,,,,,,,,,,,,,,,,,
order->fill,GOLDM,,,PASS,,,,,,,,gold_01,4bffbbce,08-26 17:55,5m,BUY,1.0,entry,,entry,161451.0,161451.0,,,,,,,,,,,,,,,,,,,
order->fill,GOLDM,,,PASS,,,,,,,,gold_01,e0efd7f1,08-26 18:00,5m,SELL,1.0,exit,stop_loss_hit,exit,161169.0,161169.0,,,,,,,,,,,,,,,,,,,
order->fill,GOLDM,,,PASS,,,,,,,,gold_01,e9d0bd93,08-27 10:30,5m,BUY,1.0,entry,,entry,158664.0,158664.0,,,,,,,,,,,,,,,,,,,
order->fill,GOLDM,,,PASS,,,,,,,,gold_01,9965ab79,08-27 11:20,5m,SELL,1.0,exit,stop_loss_hit,exit,157430.0,157430.0,,,,,,,,,,,,,,,,,,,
order->fill,GOLDM,,,PASS,,,,,,,,gold_01,6ebcc94d,08-27 21:15,5m,BUY,1.0,entry,,entry,158451.0,158451.0,,,,,,,,,,,,,,,,,,,
order->fill,GOLDM,,,PASS,,,,,,,,gold_01,dc54cadf,08-27 22:50,5m,SELL,1.0,exit,short_reversal,exit,158102.0,158102.0,,,,,,,,,,,,,,,,,,,
order->fill,GOLDM,,,PASS,,,,,,,,gold_01,7035067d,08-27 23:05,5m,SELL,1.0,entry,,entry,158123.0,158123.0,,,,,,,,,,,,,,,,,,,
order->fill,GOLDM,,,PASS,,,,,,,,gold_01,0956d916,08-27 23:10,5m,BUY,1.0,exit,stop_loss_hit,exit,158332.0,158332.0,,,,,,,,,,,,,,,,,,,
order->fill,GOLDM,,,PASS,,,,,,,,gold_01,b5355035,08-28 09:00,5m,SELL,1.0,entry,,entry,158074.0,158074.0,,,,,,,,,,,,,,,,,,,
order->fill,GOLDM,,,PASS,,,,,,,,gold_01,0a6a922d,08-28 12:30,5m,BUY,1.0,exit,long_reversal,exit,158305.0,158305.0,,,,,,,,,,,,,,,,,,,
order->fill,GOLDM,,,PASS,,,,,,,,gold_01,57ab3805,08-28 12:55,5m,BUY,1.0,entry,,entry,158400.0,158400.0,,,,,,,,,,,,,,,,,,,
order->fill,GOLDM,,,PASS,,,,,,,,gold_01,f8848066,08-28 19:45,5m,SELL,1.0,exit,short_reversal,exit,158342.0,158342.0,,,,,,,,,,,,,,,,,,,
order->fill,GOLDM,,,PASS,,,,,,,,gold_01,5b6398d9,08-28 19:45,5m,SELL,1.0,entry,,entry,158253.0,158253.0,,,,,,,,,,,,,,,,,,,
order->fill,GOLDM,,,PASS,,,,,,,,gold_02,a31cac33,08-24 10:45,15m,BUY,1.0,entry,,entry,162068.0,162068.0,,,,,,,,,,,,,,,,,,,
order->fill,GOLDM,,,PASS,,,,,,,,gold_02,0b826cab,08-24 14:00,15m,SELL,1.0,exit,short_reversal,exit,161814.0,161814.0,,,,,,,,,,,,,,,,,,,
order->fill,GOLDM,,,PASS,,,,,,,,gold_02,93f2f21a,08-24 22:30,15m,SELL,1.0,entry,,entry,162300.0,162300.0,,,,,,,,,,,,,,,,,,,
order->fill,GOLDM,,,PASS,,,,,,,,gold_02,e1ff7410,08-25 12:00,15m,BUY,1.0,exit,long_reversal,exit,162452.0,162452.0,,,,,,,,,,,,,,,,,,,
order->fill,GOLDM,,,PASS,,,,,,,,gold_02,7b67281a,08-25 22:45,15m,SELL,1.0,entry,,entry,161449.0,161449.0,,,,,,,,,,,,,,,,,,,
order->fill,GOLDM,,,PASS,,,,,,,,gold_02,1f444ef2,08-26 09:00,15m,BUY,1.0,exit,stop_loss_hit,exit,161771.0,161771.0,,,,,,,,,,,,,,,,,,,
order->fill,GOLDM,,,PASS,,,,,,,,gold_02,ebb981ed,08-26 18:00,15m,BUY,1.0,entry,stop_loss_hit,entry,161490.0,161490.0,,,,,,,,,,,,,,,,,,,
order->fill,GOLDM,,,PASS,,,,,,,,gold_02,11de7a7e,08-26 18:00,15m,SELL,1.0,exit,stop_loss_hit,exit,161076.0,161076.0,,,,,,,,,,,,,,,,,,,
order->fill,GOLDM,,,PASS,,,,,,,,gold_02,4c6222f4,08-27 10:30,15m,BUY,1.0,entry,,entry,158664.0,158664.0,,,,,,,,,,,,,,,,,,,
order->fill,GOLDM,,,PASS,,,,,,,,gold_02,9fcace8d,08-27 23:00,15m,SELL,1.0,exit,short_reversal,exit,158167.0,158167.0,,,,,,,,,,,,,,,,,,,
order->fill,GOLDM,,,PASS,,,,,,,,gold_02,78444f78,08-28 09:00,15m,SELL,1.0,entry,,entry,158074.0,158074.0,,,,,,,,,,,,,,,,,,,
order->fill,GOLDM,,,PASS,,,,,,,,gold_02,15bbd8e4,08-28 12:30,15m,BUY,1.0,exit,long_reversal,exit,158305.0,158305.0,,,,,,,,,,,,,,,,,,,
order->fill,GOLDM,,,PASS,,,,,,,,gold_02,e20d60c3,08-28 12:45,15m,BUY,1.0,entry,,entry,158400.0,158400.0,,,,,,,,,,,,,,,,,,,
order->fill,GOLDM,,,PASS,,,,,,,,gold_02,2ecdecc6,08-28 19:45,15m,SELL,1.0,exit,short_reversal,exit,158342.0,158342.0,,,,,,,,,,,,,,,,,,,
order->fill,GOLDM,,,PASS,,,,,,,,gold_02,d411269f,08-28 19:45,15m,SELL,1.0,entry,,entry,158014.0,158014.0,,,,,,,,,,,,,,,,,,,
storage,GOLDM,db+analytics integrity,,PASS,,,,,,,,,,,,,,,,,,,44.0,44.0,21.0,2.0,,,,,,,,,,,,,,,
pnl/trade,GOLDM,,,PASS,,,,,,,,gold_01,,,,LONG,1.0,,,,,,,,,,162012.0,161889.0,10.0,stop_loss_hit,-1230.0,-1230.0,312.28,312.28,-1542.28,-1542.28,,,,,
pnl/trade,GOLDM,,,PASS,,,,,,,,gold_01,,,,LONG,1.0,,,,,,,,,,162000.0,161926.0,10.0,stop_loss_hit,-740.0,-740.0,312.33,312.33,-1052.33,-1052.33,,,,,
pnl/trade,GOLDM,,,PASS,,,,,,,,gold_02,,,,LONG,1.0,,,,,,,,,,162068.0,161814.0,10.0,short_reversal,-2540.0,-2540.0,312.2,312.2,-2852.2,-2852.2,,,,,
pnl/trade,GOLDM,,,PASS,,,,,,,,gold_01,,,,SHORT,1.0,,,,,,,,,,162340.0,162426.0,10.0,long_reversal,-860.0,-860.0,313.01,313.01,-1173.01,-1173.01,,,,,
pnl/trade,GOLDM,,,PASS,,,,,,,,gold_02,,,,SHORT,1.0,,,,,,,,,,162300.0,162452.0,10.0,long_reversal,-1520.0,-1520.0,312.97,312.97,-1832.97,-1832.97,,,,,
pnl/trade,GOLDM,,,PASS,,,,,,,,gold_01,,,,LONG,1.0,,,,,,,,,,162440.0,162081.0,10.0,stop_loss_hit,-3590.0,-3590.0,312.67,312.67,-3902.67,-3902.67,,,,,
pnl/trade,GOLDM,,,PASS,,,,,,,,gold_01,,,,LONG,1.0,,,,,,,,,,162046.0,161650.0,10.0,short_reversal,-3960.0,-3960.0,311.98,311.98,-4271.98,-4271.98,,,,,
pnl/trade,GOLDM,,,PASS,,,,,,,,gold_01,,,,SHORT,1.0,,,,,,,,,,161650.0,161870.0,10.0,stop_loss_hit,-2200.0,-2200.0,311.92,311.92,-2511.92,-2511.92,,,,,
pnl/trade,GOLDM,,,PASS,,,,,,,,gold_01,,,,SHORT,1.0,,,,,,,,,,161450.0,161840.0,10.0,stop_loss_hit,-3900.0,-3900.0,311.65,311.65,-4211.65,-4211.65,,,,,
pnl/trade,GOLDM,,,PASS,,,,,,,,gold_02,,,,SHORT,1.0,,,,,,,,,,161449.0,161771.0,10.0,stop_loss_hit,-3220.0,-3220.0,311.63,311.63,-3531.63,-3531.63,,,,,
pnl/trade,GOLDM,,,PASS,,,,,,,,gold_01,,,,SHORT,1.0,,,,,,,,,,161437.0,161450.0,10.0,long_reversal,-130.0,-130.0,311.51,311.51,-441.51,-441.51,,,,,
pnl/trade,GOLDM,,,PASS,,,,,,,,gold_02,,,,LONG,1.0,,,,,,,,,,161490.0,161076.0,10.0,stop_loss_hit,-4140.0,-4140.0,311.05,311.05,-4451.05,-4451.05,,,,,
pnl/trade,GOLDM,,,PASS,,,,,,,,gold_01,,,,LONG,1.0,,,,,,,,,,161451.0,161169.0,10.0,stop_loss_hit,-2820.0,-2820.0,311.16,311.16,-3131.16,-3131.16,,,,,
pnl/trade,GOLDM,,,PASS,,,,,,,,gold_01,,,,LONG,1.0,,,,,,,,,,158664.0,157430.0,10.0,stop_loss_hit,-12340.0,-12340.0,305.34,305.34,-12645.34,-12645.34,,,,,
pnl/trade,GOLDM,,,PASS,,,,,,,,gold_01,,,,LONG,1.0,,,,,,,,,,158451.0,158102.0,10.0,short_reversal,-3490.0,-3490.0,306.16,306.16,-3796.16,-3796.16,,,,,
pnl/trade,GOLDM,,,PASS,,,,,,,,gold_02,,,,LONG,1.0,,,,,,,,,,158664.0,158167.0,10.0,short_reversal,-4970.0,-4970.0,306.31,306.31,-5276.31,-5276.31,,,,,
pnl/trade,GOLDM,,,PASS,,,,,,,,gold_01,,,,SHORT,1.0,,,,,,,,,,158123.0,158332.0,10.0,stop_loss_hit,-2090.0,-2090.0,306.15,306.15,-2396.15,-2396.15,,,,,
pnl/trade,GOLDM,,,PASS,,,,,,,,gold_02,,,,SHORT,1.0,,,,,,,,,,158074.0,158305.0,10.0,long_reversal,-2310.0,-2310.0,306.07,306.07,-2616.07,-2616.07,,,,,
pnl/trade,GOLDM,,,PASS,,,,,,,,gold_01,,,,SHORT,1.0,,,,,,,,,,158074.0,158305.0,10.0,long_reversal,-2310.0,-2310.0,306.07,306.07,-2616.07,-2616.07,,,,,
pnl/trade,GOLDM,,,PASS,,,,,,,,gold_02,,,,LONG,1.0,,,,,,,,,,158400.0,158342.0,10.0,short_reversal,-580.0,-580.0,306.46,306.46,-886.46,-886.46,,,,,
pnl/trade,GOLDM,,,PASS,,,,,,,,gold_01,,,,LONG,1.0,,,,,,,,,,158400.0,158342.0,10.0,short_reversal,-580.0,-580.0,306.46,306.46,-886.46,-886.46,,,,,
pnl/account,GOLDM,,,PASS,,,,,,,,gold_01,,,,,,,,,,,,,,,,,,,,,,,,,-44578.69,-44578.69,,,
pnl/account,GOLDM,,,PASS,,,,,,,,gold_02,,,,,,,,,,,,,,,,,,,,,,,,,-21446.69,-21446.69,,,
carry/no-eod,GOLDM,,,PASS,,,,,,,,gold_01,,,,,,,,,,,,,,,162340.0,162426.0,,long_reversal,,,,,,,,,2026-08-24,2026-08-25,1.0
carry/no-eod,GOLDM,,,PASS,,,,,,,,gold_02,,,,,,,,,,,,,,,162300.0,162452.0,,long_reversal,,,,,,,,,2026-08-24,2026-08-25,1.0
carry/no-eod,GOLDM,,,PASS,,,,,,,,gold_02,,,,,,,,,,,,,,,161449.0,161771.0,,stop_loss_hit,,,,,,,,,2026-08-25,2026-08-26,1.0
input/raw,SILVERM,CSV-5m,870.0,PASS,2026-08-24 09:00,2026-08-28 23:25,,,,,,,,,,,,,,,,,,,,,,,,,,,,,,,,,,,
bars/5m,SILVERM,agg==first/max/min/last,,PASS,,,870.0,,,,,,,,,,,,,,,,,,,,,,,,,,,,,,,,,,
bars/15m+1h,SILVERM,agg of lower-TF members,,PASS,,,,290.0,75.0,,,,,,,,,,,,,,,,,,,,,,,,,,,,,,,,
indicator+map,SILVERM,per-bar engine vs independent DEMAATR+searchsorted,,PASS,,,,,,1150.0,0.0,,,,,,,,,,,,,,,,,,,,,,,,,,,,,,
order->fill,SILVERM,,,PASS,,,,,,,,silver_02,8fc90c76,08-24 10:05,5m,SELL,1.0,entry,,entry,254150.0,254150.0,,,,,,,,,,,,,,,,,,,
order->fill,SILVERM,,,PASS,,,,,,,,silver_02,ebd47127,08-24 10:45,5m,BUY,1.0,exit,stop_loss_hit,exit,254903.0,254903.0,,,,,,,,,,,,,,,,,,,
order->fill,SILVERM,,,PASS,,,,,,,,silver_02,9f4aee7a,08-24 11:00,5m,SELL,1.0,entry,,entry,254500.0,254500.0,,,,,,,,,,,,,,,,,,,
order->fill,SILVERM,,,PASS,,,,,,,,silver_02,829f9396,08-24 11:35,5m,BUY,1.0,exit,stop_loss_hit,exit,255000.0,255000.0,,,,,,,,,,,,,,,,,,,
order->fill,SILVERM,,,PASS,,,,,,,,silver_02,306eff80,08-24 13:45,5m,SELL,1.0,entry,,entry,254451.0,254451.0,,,,,,,,,,,,,,,,,,,
order->fill,SILVERM,,,PASS,,,,,,,,silver_02,9b7bb37d,08-24 16:00,5m,BUY,1.0,exit,stop_loss_hit,exit,255147.0,255147.0,,,,,,,,,,,,,,,,,,,
order->fill,SILVERM,,,PASS,,,,,,,,silver_02,75ca5838,08-24 19:15,5m,SELL,1.0,entry,,entry,255397.0,255397.0,,,,,,,,,,,,,,,,,,,
order->fill,SILVERM,,,PASS,,,,,,,,silver_02,fa913f60,08-25 12:00,5m,BUY,1.0,exit,long_reversal,exit,253001.0,253001.0,,,,,,,,,,,,,,,,,,,
order->fill,SILVERM,,,PASS,,,,,,,,silver_02,3984de0a,08-25 12:00,5m,BUY,1.0,entry,,entry,253333.0,253333.0,,,,,,,,,,,,,,,,,,,
order->fill,SILVERM,,,PASS,,,,,,,,silver_02,61b5527f,08-25 12:55,5m,SELL,1.0,exit,stop_loss_hit,exit,252123.0,252123.0,,,,,,,,,,,,,,,,,,,
order->fill,SILVERM,,,PASS,,,,,,,,silver_02,f579fccb,08-25 20:50,5m,BUY,1.0,entry,,entry,251897.0,251897.0,,,,,,,,,,,,,,,,,,,
order->fill,SILVERM,,,PASS,,,,,,,,silver_02,5956ff54,08-26 12:00,5m,SELL,1.0,exit,short_reversal,exit,253167.0,253167.0,,,,,,,,,,,,,,,,,,,
order->fill,SILVERM,,,PASS,,,,,,,,silver_02,21ace4c9,08-26 12:00,5m,SELL,1.0,entry,stop_loss_hit,entry,253025.0,253025.0,,,,,,,,,,,,,,,,,,,
order->fill,SILVERM,,,PASS,,,,,,,,silver_02,3894f337,08-26 12:00,5m,BUY,1.0,exit,stop_loss_hit,exit,253600.0,253600.0,,,,,,,,,,,,,,,,,,,
order->fill,SILVERM,,,PASS,,,,,,,,silver_02,c2d22e52,08-26 13:25,5m,SELL,1.0,entry,,entry,253201.0,253201.0,,,,,,,,,,,,,,,,,,,
order->fill,SILVERM,,,PASS,,,,,,,,silver_02,e5ad2b5a,08-26 18:00,5m,BUY,1.0,exit,long_reversal,exit,253500.0,253500.0,,,,,,,,,,,,,,,,,,,
order->fill,SILVERM,,,PASS,,,,,,,,silver_02,a5b565c1,08-26 18:00,5m,BUY,1.0,entry,stop_loss_hit,entry,253500.0,253500.0,,,,,,,,,,,,,,,,,,,
order->fill,SILVERM,,,PASS,,,,,,,,silver_02,ca9d8ef9,08-26 18:00,5m,SELL,1.0,exit,stop_loss_hit,exit,253083.0,253083.0,,,,,,,,,,,,,,,,,,,
order->fill,SILVERM,,,PASS,,,,,,,,silver_02,fe30a9a1,08-27 10:25,5m,BUY,1.0,entry,,entry,249522.0,249522.0,,,,,,,,,,,,,,,,,,,
order->fill,SILVERM,,,PASS,,,,,,,,silver_02,4e9e2cf6,08-27 18:15,5m,SELL,1.0,exit,stop_loss_hit,exit,247229.0,247229.0,,,,,,,,,,,,,,,,,,,
order->fill,SILVERM,,,PASS,,,,,,,,silver_02,5178aaf2,08-27 21:20,5m,BUY,1.0,entry,,entry,249750.0,249750.0,,,,,,,,,,,,,,,,,,,
order->fill,SILVERM,,,PASS,,,,,,,,silver_02,ffddd632,08-28 09:00,5m,SELL,1.0,exit,stop_loss_hit,exit,248263.0,248263.0,,,,,,,,,,,,,,,,,,,
order->fill,SILVERM,,,PASS,,,,,,,,silver_02,6c581e69,08-28 09:10,5m,SELL,1.0,entry,,entry,247855.0,247855.0,,,,,,,,,,,,,,,,,,,
order->fill,SILVERM,,,PASS,,,,,,,,silver_02,3aaa113e,08-28 12:00,5m,BUY,1.0,exit,long_reversal,exit,249267.0,249267.0,,,,,,,,,,,,,,,,,,,
order->fill,SILVERM,,,PASS,,,,,,,,silver_02,fa11965e,08-28 12:00,5m,BUY,1.0,entry,,entry,249371.0,249371.0,,,,,,,,,,,,,,,,,,,
order->fill,SILVERM,,,PASS,,,,,,,,silver_02,414df869,08-28 19:35,5m,SELL,1.0,exit,short_reversal,exit,251798.0,251798.0,,,,,,,,,,,,,,,,,,,
order->fill,SILVERM,,,PASS,,,,,,,,silver_02,3bc2c206,08-28 19:35,5m,SELL,1.0,entry,,entry,251650.0,251650.0,,,,,,,,,,,,,,,,,,,
order->fill,SILVERM,,,PASS,,,,,,,,silver_01,44547240,08-24 11:00,15m,SELL,1.0,entry,,entry,254500.0,254500.0,,,,,,,,,,,,,,,,,,,
order->fill,SILVERM,,,PASS,,,,,,,,silver_01,01a5c105,08-24 11:30,15m,BUY,1.0,exit,stop_loss_hit,exit,255499.0,255499.0,,,,,,,,,,,,,,,,,,,
order->fill,SILVERM,,,PASS,,,,,,,,silver_01,516de507,08-24 13:45,15m,SELL,1.0,entry,,entry,254451.0,254451.0,,,,,,,,,,,,,,,,,,,
order->fill,SILVERM,,,PASS,,,,,,,,silver_01,ec5642c0,08-24 16:00,15m,BUY,1.0,exit,stop_loss_hit,exit,254853.0,254853.0,,,,,,,,,,,,,,,,,,,
order->fill,SILVERM,,,PASS,,,,,,,,silver_01,d7dd96fe,08-24 19:15,15m,SELL,1.0,entry,,entry,255397.0,255397.0,,,,,,,,,,,,,,,,,,,
order->fill,SILVERM,,,PASS,,,,,,,,silver_01,a6b5ba9d,08-25 12:00,15m,BUY,1.0,exit,long_reversal,exit,253001.0,253001.0,,,,,,,,,,,,,,,,,,,
order->fill,SILVERM,,,PASS,,,,,,,,silver_01,c9042321,08-25 12:00,15m,BUY,1.0,entry,,entry,253333.0,253333.0,,,,,,,,,,,,,,,,,,,
order->fill,SILVERM,,,PASS,,,,,,,,silver_01,08a3b6f5,08-25 13:30,15m,SELL,1.0,exit,stop_loss_hit,exit,251243.0,251243.0,,,,,,,,,,,,,,,,,,,
order->fill,SILVERM,,,PASS,,,,,,,,silver_01,1097bdbe,08-25 21:00,15m,BUY,1.0,entry,,entry,252149.0,252149.0,,,,,,,,,,,,,,,,,,,
order->fill,SILVERM,,,PASS,,,,,,,,silver_01,aee17569,08-26 12:00,15m,SELL,1.0,exit,short_reversal,exit,253167.0,253167.0,,,,,,,,,,,,,,,,,,,
order->fill,SILVERM,,,PASS,,,,,,,,silver_01,cf3140fc,08-26 12:00,15m,SELL,1.0,entry,,entry,253025.0,253025.0,,,,,,,,,,,,,,,,,,,
order->fill,SILVERM,,,PASS,,,,,,,,silver_01,0849d164,08-26 18:00,15m,BUY,1.0,exit,long_reversal,exit,253500.0,253500.0,,,,,,,,,,,,,,,,,,,
order->fill,SILVERM,,,PASS,,,,,,,,silver_01,93943ead,08-26 18:00,15m,BUY,1.0,entry,stop_loss_hit,entry,253500.0,253500.0,,,,,,,,,,,,,,,,,,,
order->fill,SILVERM,,,PASS,,,,,,,,silver_01,2af0833d,08-26 18:00,15m,SELL,1.0,exit,stop_loss_hit,exit,252832.0,252832.0,,,,,,,,,,,,,,,,,,,
order->fill,SILVERM,,,PASS,,,,,,,,silver_01,330616cc,08-27 10:30,15m,BUY,1.0,entry,,entry,249750.0,249750.0,,,,,,,,,,,,,,,,,,,
order->fill,SILVERM,,,PASS,,,,,,,,silver_01,0529962a,08-28 09:15,15m,SELL,1.0,exit,short_reversal,exit,248098.0,248098.0,,,,,,,,,,,,,,,,,,,
order->fill,SILVERM,,,PASS,,,,,,,,silver_01,d44832af,08-28 12:00,15m,BUY,1.0,entry,,entry,249371.0,249371.0,,,,,,,,,,,,,,,,,,,
order->fill,SILVERM,,,PASS,,,,,,,,silver_01,fc25808c,08-28 19:45,15m,SELL,1.0,exit,short_reversal,exit,250132.0,250132.0,,,,,,,,,,,,,,,,,,,
order->fill,SILVERM,,,PASS,,,,,,,,silver_01,9f8ee123,08-28 19:45,15m,SELL,1.0,entry,,entry,250010.0,250010.0,,,,,,,,,,,,,,,,,,,
storage,SILVERM,db+analytics integrity,,PASS,,,,,,,,,,,,,,,,,,,46.0,46.0,22.0,2.0,,,,,,,,,,,,,,,
pnl/trade,SILVERM,,,PASS,,,,,,,,silver_02,,,,SHORT,1.0,,,,,,,,,,254150.0,254903.0,5.0,stop_loss_hit,-3765.0,-3765.0,255.37,255.37,-4020.37,-4020.37,,,,,
pnl/trade,SILVERM,,,PASS,,,,,,,,silver_01,,,,SHORT,1.0,,,,,,,,,,254500.0,255499.0,5.0,stop_loss_hit,-4995.0,-4995.0,255.69,255.69,-5250.69,-5250.69,,,,,
pnl/trade,SILVERM,,,PASS,,,,,,,,silver_02,,,,SHORT,1.0,,,,,,,,,,254500.0,255000.0,5.0,stop_loss_hit,-2500.0,-2500.0,255.61,255.61,-2755.61,-2755.61,,,,,
pnl/trade,SILVERM,,,PASS,,,,,,,,silver_01,,,,SHORT,1.0,,,,,,,,,,254451.0,254853.0,5.0,stop_loss_hit,-2010.0,-2010.0,255.56,255.56,-2265.56,-2265.56,,,,,
pnl/trade,SILVERM,,,PASS,,,,,,,,silver_02,,,,SHORT,1.0,,,,,,,,,,254451.0,255147.0,5.0,stop_loss_hit,-3480.0,-3480.0,255.6,255.6,-3735.6,-3735.6,,,,,
pnl/trade,SILVERM,,,PASS,,,,,,,,silver_01,,,,SHORT,1.0,,,,,,,,,,255397.0,253001.0,5.0,long_reversal,11980.0,11980.0,255.89,255.89,11724.11,11724.11,,,,,
pnl/trade,SILVERM,,,PASS,,,,,,,,silver_02,,,,SHORT,1.0,,,,,,,,,,255397.0,253001.0,5.0,long_reversal,11980.0,11980.0,255.89,255.89,11724.11,11724.11,,,,,
pnl/trade,SILVERM,,,PASS,,,,,,,,silver_02,,,,LONG,1.0,,,,,,,,,,253333.0,252123.0,5.0,stop_loss_hit,-6050.0,-6050.0,253.78,253.78,-6303.78,-6303.78,,,,,
pnl/trade,SILVERM,,,PASS,,,,,,,,silver_01,,,,LONG,1.0,,,,,,,,,,253333.0,251243.0,5.0,stop_loss_hit,-10450.0,-10450.0,253.2,253.2,-10703.2,-10703.2,,,,,
pnl/trade,SILVERM,,,PASS,,,,,,,,silver_01,,,,LONG,1.0,,,,,,,,,,252149.0,253167.0,5.0,short_reversal,5090.0,5090.0,254.28,254.28,4835.72,4835.72,,,,,
pnl/trade,SILVERM,,,PASS,,,,,,,,silver_02,,,,LONG,1.0,,,,,,,,,,251897.0,253167.0,5.0,short_reversal,6350.0,6350.0,254.24,254.24,6095.76,6095.76,,,,,
pnl/trade,SILVERM,,,PASS,,,,,,,,silver_02,,,,SHORT,1.0,,,,,,,,,,253025.0,253600.0,5.0,stop_loss_hit,-2875.0,-2875.0,254.42,254.42,-3129.42,-3129.42,,,,,
pnl/trade,SILVERM,,,PASS,,,,,,,,silver_01,,,,SHORT,1.0,,,,,,,,,,253025.0,253500.0,5.0,long_reversal,-2375.0,-2375.0,254.4,254.4,-2629.4,-2629.4,,,,,
pnl/trade,SILVERM,,,PASS,,,,,,,,silver_01,,,,LONG,1.0,,,,,,,,,,253500.0,252832.0,5.0,stop_loss_hit,-3340.0,-3340.0,254.27,254.27,-3594.27,-3594.27,,,,,
pnl/trade,SILVERM,,,PASS,,,,,,,,silver_02,,,,SHORT,1.0,,,,,,,,,,253201.0,253500.0,5.0,long_reversal,-1495.0,-1495.0,254.52,254.52,-1749.52,-1749.52,,,,,
pnl/trade,SILVERM,,,PASS,,,,,,,,silver_02,,,,LONG,1.0,,,,,,,,,,253500.0,253083.0,5.0,stop_loss_hit,-2085.0,-2085.0,254.44,254.44,-2339.44,-2339.44,,,,,
pnl/trade,SILVERM,,,PASS,,,,,,,,silver_02,,,,LONG,1.0,,,,,,,,,,249522.0,247229.0,5.0,stop_loss_hit,-11465.0,-11465.0,249.95,249.95,-11714.95,-11714.95,,,,,
pnl/trade,SILVERM,,,PASS,,,,,,,,silver_02,,,,LONG,1.0,,,,,,,,,,249750.0,248263.0,5.0,stop_loss_hit,-7435.0,-7435.0,250.66,250.66,-7685.66,-7685.66,,,,,
pnl/trade,SILVERM,,,PASS,,,,,,,,silver_01,,,,LONG,1.0,,,,,,,,,,249750.0,248098.0,5.0,short_reversal,-8260.0,-8260.0,250.56,250.56,-8510.56,-8510.56,,,,,
pnl/trade,SILVERM,,,PASS,,,,,,,,silver_02,,,,SHORT,1.0,,,,,,,,,,247855.0,249267.0,5.0,long_reversal,-7060.0,-7060.0,250.32,250.32,-7310.32,-7310.32,,,,,
pnl/trade,SILVERM,,,PASS,,,,,,,,silver_02,,,,LONG,1.0,,,,,,,,,,249371.0,251798.0,5.0,short_reversal,12135.0,12135.0,252.94,252.94,11882.06,11882.06,,,,,
pnl/trade,SILVERM,,,PASS,,,,,,,,silver_01,,,,LONG,1.0,,,,,,,,,,249371.0,250132.0,5.0,short_reversal,3805.0,3805.0,251.84,251.84,3553.16,3553.16,,,,,
pnl/account,SILVERM,,,PASS,,,,,,,,silver_01,,,,,,,,,,,,,,,,,,,,,,,,,-12840.69,-12840.69,,,
pnl/account,SILVERM,,,PASS,,,,,,,,silver_02,,,,,,,,,,,,,,,,,,,,,,,,,-21042.74,-21042.74,,,
carry/no-eod,SILVERM,,,PASS,,,,,,,,silver_01,,,,,,,,,,,,,,,255397.0,253001.0,,long_reversal,,,,,,,,,2026-08-24,2026-08-25,1.0
carry/no-eod,SILVERM,,,PASS,,,,,,,,silver_01,,,,,,,,,,,,,,,252149.0,253167.0,,short_reversal,,,,,,,,,2026-08-25,2026-08-26,1.0
carry/no-eod,SILVERM,,,PASS,,,,,,,,silver_01,,,,,,,,,,,,,,,249750.0,248098.0,,short_reversal,,,,,,,,,2026-08-27,2026-08-28,1.0
carry/no-eod,SILVERM,,,PASS,,,,,,,,silver_02,,,,,,,,,,,,,,,255397.0,253001.0,,long_reversal,,,,,,,,,2026-08-24,2026-08-25,1.0
carry/no-eod,SILVERM,,,PASS,,,,,,,,silver_02,,,,,,,,,,,,,,,251897.0,253167.0,,short_reversal,,,,,,,,,2026-08-25,2026-08-26,1.0
carry/no-eod,SILVERM,,,PASS,,,,,,,,silver_02,,,,,,,,,,,,,,,249750.0,248263.0,,stop_loss_hit,,,,,,,,,2026-08-27,2026-08-28,1.0
